song,category,wiki_url,youtube_url
"Achschav Likfoz Kmo Cholim","קטגוריה:Hapoel Songs in Foreign Languages","https://wiki.red-fans.com/index.php?title=Achschav_Likfoz_Kmo_Cholim",""
"Bekol Haolam","קטגוריה:Hapoel Songs in Foreign Languages","https://wiki.red-fans.com/index.php?title=Bekol_Haolam","https://www.youtube.com/watch?v=HucZbDTtKPw"
"Bekol Haolam","קטגוריה:Hapoel Songs in Foreign Languages","https://wiki.red-fans.com/index.php?title=Bekol_Haolam","https://www.youtube.com/watch?v=PGMEwIJcbTs"
"Bekol Haolam","קטגוריה:Hapoel Songs in Foreign Languages","https://wiki.red-fans.com/index.php?title=Bekol_Haolam","https://www.youtube.com/watch?v=o8rYl6K2STc"
"Ech Hakahal Be atraf","קטגוריה:Hapoel Songs in Foreign Languages","https://wiki.red-fans.com/index.php?title=Ech_Hakahal_Be_atraf","https://www.youtube.com/watch?v=7VnHuMrntf8"
"Ech Hakahal Be atraf","קטגוריה:Hapoel Songs in Foreign Languages","https://wiki.red-fans.com/index.php?title=Ech_Hakahal_Be_atraf","https://www.youtube.com/watch?v=u10ciReA1TE"
"Elech Itach Le Kol Makom","קטגוריה:Hapoel Songs in Foreign Languages","https://wiki.red-fans.com/index.php?title=Elech_Itach_Le_Kol_Makom","https://www.youtube.com/watch?v=qPZRwQFP2pk"
"Elech Itach Le Kol Makom","קטגוריה:Hapoel Songs in Foreign Languages","https://wiki.red-fans.com/index.php?title=Elech_Itach_Le_Kol_Makom","https://www.youtube.com/watch?v=Ph38kOL6IVc"
"Hapoel Ani Eten Hakol Bishvilech","קטגוריה:Hapoel Songs in Foreign Languages","https://wiki.red-fans.com/index.php?title=Hapoel_Ani_Eten_Hakol_Bishvilech","https://www.youtube.com/watch?v=osQy00daOPY"
"Hapoel Ani Eten Hakol Bishvilech","קטגוריה:Hapoel Songs in Foreign Languages","https://wiki.red-fans.com/index.php?title=Hapoel_Ani_Eten_Hakol_Bishvilech","https://www.youtube.com/watch?v=01SBf0tsLyI"
"Hapoel Kamoch Ein Af Achat","קטגוריה:Hapoel Songs in Foreign Languages","https://wiki.red-fans.com/index.php?title=Hapoel_Kamoch_Ein_Af_Achat","https://www.youtube.com/watch?v=9G75tH2wfvQ"
"Hapoel Kamoch Ein Af Achat","קטגוריה:Hapoel Songs in Foreign Languages","https://wiki.red-fans.com/index.php?title=Hapoel_Kamoch_Ein_Af_Achat","https://www.youtube.com/watch?v=bV7VTeFrXu0"
"Hapoel Se Hachaim","קטגוריה:Hapoel Songs in Foreign Languages","https://wiki.red-fans.com/index.php?title=Hapoel_Se_Hachaim","https://www.youtube.com/watch?v=NvLG1zBzLrs"
"Hitahavti Bach Hapoel Mimisman","קטגוריה:Hapoel Songs in Foreign Languages","https://wiki.red-fans.com/index.php?title=Hitahavti_Bach_Hapoel_Mimisman","https://www.youtube.com/watch?v=8G8Gtj8vqj8"
"Hitahavti Bach Hapoel Mimisman","קטגוריה:Hapoel Songs in Foreign Languages","https://wiki.red-fans.com/index.php?title=Hitahavti_Bach_Hapoel_Mimisman","https://www.youtube.com/watch?v=ID0ry7-L6Nc"
"Ksche At Ola La Migrasch","קטגוריה:Hapoel Songs in Foreign Languages","https://wiki.red-fans.com/index.php?title=Ksche_At_Ola_La_Migrasch","https://www.youtube.com/watch?v=QcDTFujnR5k"
"Ksche At Ola La Migrasch","קטגוריה:Hapoel Songs in Foreign Languages","https://wiki.red-fans.com/index.php?title=Ksche_At_Ola_La_Migrasch","https://www.youtube.com/watch?v=58lN67LfJpw"
"Ksche At Ola La Migrasch","קטגוריה:Hapoel Songs in Foreign Languages","https://wiki.red-fans.com/index.php?title=Ksche_At_Ola_La_Migrasch","https://www.youtube.com/watch?v=fQjXkNKCgjM"
"Ksche At Ola La Migrasch","קטגוריה:Hapoel Songs in Foreign Languages","https://wiki.red-fans.com/index.php?title=Ksche_At_Ola_La_Migrasch","https://www.youtube.com/watch?v=Pg5FgB9dM7Q"
"Kulam Beteruf","קטגוריה:Hapoel Songs in Foreign Languages","https://wiki.red-fans.com/index.php?title=Kulam_Beteruf","https://www.youtube.com/watch?v=iazcHFBRF_U"
"Miyom Schenoladeti Rak Davar Ehad","קטגוריה:Hapoel Songs in Foreign Languages","https://wiki.red-fans.com/index.php?title=Miyom_Schenoladeti_Rak_Davar_Ehad","https://www.youtube.com/watch?v=q_rzt1KmCvg"
"Miyom Schenoladeti Rak Davar Ehad","קטגוריה:Hapoel Songs in Foreign Languages","https://wiki.red-fans.com/index.php?title=Miyom_Schenoladeti_Rak_Davar_Ehad","https://www.youtube.com/watch?v=MqHkuHy39eA"
"Ohev Otach Hapoel","קטגוריה:Hapoel Songs in Foreign Languages","https://wiki.red-fans.com/index.php?title=Ohev_Otach_Hapoel","https://www.youtube.com/watch?v=gSrki4dh7pw"
"Rak Otach Tamid Nohaw","קטגוריה:Hapoel Songs in Foreign Languages","https://wiki.red-fans.com/index.php?title=Rak_Otach_Tamid_Nohaw","https://www.youtube.com/watch?v=6LNTq8Xi7eQ"
"Schaar Hamesch Lehitorer","קטגוריה:Hapoel Songs in Foreign Languages","https://wiki.red-fans.com/index.php?title=Schaar_Hamesch_Lehitorer","https://www.youtube.com/watch?v=rb-c_LDxlks"
"Tiru Hapoel Hine Ma Sche Sikamnu","קטגוריה:Hapoel Songs in Foreign Languages","https://wiki.red-fans.com/index.php?title=Tiru_Hapoel_Hine_Ma_Sche_Sikamnu","https://www.youtube.com/watch?v=hywHU5dPdVg"
"Tiru Hapoel Hine Ma Sche Sikamnu","קטגוריה:Hapoel Songs in Foreign Languages","https://wiki.red-fans.com/index.php?title=Tiru_Hapoel_Hine_Ma_Sche_Sikamnu","https://www.youtube.com/watch?v=W9JsiXD_cXY"
"Tiru Hapoel Hine Ma Sche Sikamnu","קטגוריה:Hapoel Songs in Foreign Languages","https://wiki.red-fans.com/index.php?title=Tiru_Hapoel_Hine_Ma_Sche_Sikamnu","https://www.youtube.com/watch?v=1Mznnz-HvfE"
"Yalla Hapoel","קטגוריה:Hapoel Songs in Foreign Languages","https://wiki.red-fans.com/index.php?title=Yalla_Hapoel",""
"16 מלאו לנער-ביברס נאתכו","קטגוריה:שירי שחקנים","https://wiki.red-fans.com/index.php?title=16_%D7%9E%D7%9C%D7%90%D7%95_%D7%9C%D7%A0%D7%A2%D7%A8-%D7%91%D7%99%D7%91%D7%A8%D7%A1_%D7%A0%D7%90%D7%AA%D7%9B%D7%95","https://www.youtube.com/watch?v=Nqnji8-oLFk"
"Bella Ciao - יניב מזרחי","קטגוריה:שירי שחקנים","https://wiki.red-fans.com/index.php?title=Bella_Ciao_-_%D7%99%D7%A0%D7%99%D7%91_%D7%9E%D7%96%D7%A8%D7%97%D7%99","https://www.youtube.com/watch?v=uT-axQy92jY"
"Big big world - גיא צרפתי, ליאור ליובין","קטגוריה:שירי שחקנים","https://wiki.red-fans.com/index.php?title=Big_big_world_-_%D7%92%D7%99%D7%90_%D7%A6%D7%A8%D7%A4%D7%AA%D7%99%2C_%D7%9C%D7%99%D7%90%D7%95%D7%A8_%D7%9C%D7%99%D7%95%D7%91%D7%99%D7%9F","https://www.youtube.com/watch?v=O6iBzQXOjPw"
"Call Me-יורגן קולין","קטגוריה:שירי שחקנים","https://wiki.red-fans.com/index.php?title=Call_Me-%D7%99%D7%95%D7%A8%D7%92%D7%9F_%D7%A7%D7%95%D7%9C%D7%99%D7%9F","https://www.youtube.com/watch?v=y6QBaZHltJw"
"Creep - Radiohead - דניאל דה רידר","קטגוריה:שירי שחקנים","https://wiki.red-fans.com/index.php?title=Creep_-_Radiohead_-_%D7%93%D7%A0%D7%99%D7%90%D7%9C_%D7%93%D7%94_%D7%A8%D7%99%D7%93%D7%A8","https://www.youtube.com/watch?v=XFkzRNyygfk"
"Creep - Radiohead - דניאל דה רידר","קטגוריה:שירי שחקנים","https://wiki.red-fans.com/index.php?title=Creep_-_Radiohead_-_%D7%93%D7%A0%D7%99%D7%90%D7%9C_%D7%93%D7%94_%D7%A8%D7%99%D7%93%D7%A8","https://www.youtube.com/watch?v=W6MmqmTQEgA"
"Elle etait si jolie-עומר פדידה","קטגוריה:שירי שחקנים","https://wiki.red-fans.com/index.php?title=Elle_etait_si_jolie-%D7%A2%D7%95%D7%9E%D7%A8_%D7%A4%D7%93%D7%99%D7%93%D7%94","https://www.youtube.com/watch?v=FLxAoSnkaw8"
"I'm Mr Lonely-רמזי ספורי","קטגוריה:שירי שחקנים","https://wiki.red-fans.com/index.php?title=I%27m_Mr_Lonely-%D7%A8%D7%9E%D7%96%D7%99_%D7%A1%D7%A4%D7%95%D7%A8%D7%99","https://www.youtube.com/watch?v=kGhjOPeOMmE"
"Let the sunshine in - אבי כנפו, אורי שלף","קטגוריה:שירי שחקנים","https://wiki.red-fans.com/index.php?title=Let_the_sunshine_in_-_%D7%90%D7%91%D7%99_%D7%9B%D7%A0%D7%A4%D7%95%2C_%D7%90%D7%95%D7%A8%D7%99_%D7%A9%D7%9C%D7%A3","https://www.youtube.com/watch?v=fhNrqc6yvTU"
"Rivers of Babylon","קטגוריה:שירי שחקנים","https://wiki.red-fans.com/index.php?title=Rivers_of_Babylon","https://www.youtube.com/watch?v=Nm1g8FFRArc"
"South Africa-ישראל זגורי","קטגוריה:שירי שחקנים","https://wiki.red-fans.com/index.php?title=South_Africa-%D7%99%D7%A9%D7%A8%D7%90%D7%9C_%D7%96%D7%92%D7%95%D7%A8%D7%99","https://www.youtube.com/watch?v=BgyJY9yndv4"
"Speedy Gonzales - גיל מוסינזון, שימון גרשון, ערן יצחק","קטגוריה:שירי שחקנים","https://wiki.red-fans.com/index.php?title=Speedy_Gonzales_-_%D7%92%D7%99%D7%9C_%D7%9E%D7%95%D7%A1%D7%99%D7%A0%D7%96%D7%95%D7%9F%2C_%D7%A9%D7%99%D7%9E%D7%95%D7%9F_%D7%92%D7%A8%D7%A9%D7%95%D7%9F%2C_%D7%A2%D7%A8%D7%9F_%D7%99%D7%A6%D7%97%D7%A7","https://www.youtube.com/watch?v=JIFgouHdlro"
"Speedy Gonzales - גיל מוסינזון, שימון גרשון, ערן יצחק","קטגוריה:שירי שחקנים","https://wiki.red-fans.com/index.php?title=Speedy_Gonzales_-_%D7%92%D7%99%D7%9C_%D7%9E%D7%95%D7%A1%D7%99%D7%A0%D7%96%D7%95%D7%9F%2C_%D7%A9%D7%99%D7%9E%D7%95%D7%9F_%D7%92%D7%A8%D7%A9%D7%95%D7%9F%2C_%D7%A2%D7%A8%D7%9F_%D7%99%D7%A6%D7%97%D7%A7","https://www.youtube.com/watch?v=H-skeT-w3F0"
"Under The Sea-אוראל דגני","קטגוריה:שירי שחקנים","https://wiki.red-fans.com/index.php?title=Under_The_Sea-%D7%90%D7%95%D7%A8%D7%90%D7%9C_%D7%93%D7%92%D7%A0%D7%99","https://www.youtube.com/watch?v=5qOFS-6Zt9E"
"Volare - סלים טועמה","קטגוריה:שירי שחקנים","https://wiki.red-fans.com/index.php?title=Volare_-_%D7%A1%D7%9C%D7%99%D7%9D_%D7%98%D7%95%D7%A2%D7%9E%D7%94","https://www.youtube.com/watch?v=S2j3HzUtTOA"
"Volare - סלים טועמה","קטגוריה:שירי שחקנים","https://wiki.red-fans.com/index.php?title=Volare_-_%D7%A1%D7%9C%D7%99%D7%9D_%D7%98%D7%95%D7%A2%D7%9E%D7%94","https://www.youtube.com/watch?v=Z-DVi0ugelc"
"Volare - סלים טועמה","קטגוריה:שירי שחקנים","https://wiki.red-fans.com/index.php?title=Volare_-_%D7%A1%D7%9C%D7%99%D7%9D_%D7%98%D7%95%D7%A2%D7%9E%D7%94","https://www.youtube.com/watch?v=A3btxIaIcPA"
"אגדת השמש והירח - וינסנט אניימה","קטגוריה:שירי שחקנים","https://wiki.red-fans.com/index.php?title=%D7%90%D7%92%D7%93%D7%AA_%D7%94%D7%A9%D7%9E%D7%A9_%D7%95%D7%94%D7%99%D7%A8%D7%97_-_%D7%95%D7%99%D7%A0%D7%A1%D7%A0%D7%98_%D7%90%D7%A0%D7%99%D7%99%D7%9E%D7%94","https://www.youtube.com/watch?v=I7HZYZH8ai4"
"אגדת השמש והירח - וינסנט אניימה","קטגוריה:שירי שחקנים","https://wiki.red-fans.com/index.php?title=%D7%90%D7%92%D7%93%D7%AA_%D7%94%D7%A9%D7%9E%D7%A9_%D7%95%D7%94%D7%99%D7%A8%D7%97_-_%D7%95%D7%99%D7%A0%D7%A1%D7%A0%D7%98_%D7%90%D7%A0%D7%99%D7%99%D7%9E%D7%94","https://www.youtube.com/watch?v=EbZrvEKJGH0"
"אגדת השמש והירח - וינסנט אניימה","קטגוריה:שירי שחקנים","https://wiki.red-fans.com/index.php?title=%D7%90%D7%92%D7%93%D7%AA_%D7%94%D7%A9%D7%9E%D7%A9_%D7%95%D7%94%D7%99%D7%A8%D7%97_-_%D7%95%D7%99%D7%A0%D7%A1%D7%A0%D7%98_%D7%90%D7%A0%D7%99%D7%99%D7%9E%D7%94","https://www.youtube.com/watch?v=V-5bNGzFhfY"
"אולה אולה אולה - גל שיש","קטגוריה:שירי שחקנים","https://wiki.red-fans.com/index.php?title=%D7%90%D7%95%D7%9C%D7%94_%D7%90%D7%95%D7%9C%D7%94_%D7%90%D7%95%D7%9C%D7%94_-_%D7%92%D7%9C_%D7%A9%D7%99%D7%A9","https://www.youtube.com/watch?v=c-2YJKZbhdw"
"אלייך - ביוואן פרנסמן","קטגוריה:שירי שחקנים","https://wiki.red-fans.com/index.php?title=%D7%90%D7%9C%D7%99%D7%99%D7%9A_-_%D7%91%D7%99%D7%95%D7%95%D7%90%D7%9F_%D7%A4%D7%A8%D7%A0%D7%A1%D7%9E%D7%9F","https://www.youtube.com/watch?v=XS2NFKc856k"
"אמריקה - עומרי קנדה","קטגוריה:שירי שחקנים","https://wiki.red-fans.com/index.php?title=%D7%90%D7%9E%D7%A8%D7%99%D7%A7%D7%94_-_%D7%A2%D7%95%D7%9E%D7%A8%D7%99_%D7%A7%D7%A0%D7%93%D7%94","https://www.youtube.com/watch?v=YhiepQ5WLhI"
"אמריקה - עומרי קנדה","קטגוריה:שירי שחקנים","https://wiki.red-fans.com/index.php?title=%D7%90%D7%9E%D7%A8%D7%99%D7%A7%D7%94_-_%D7%A2%D7%95%D7%9E%D7%A8%D7%99_%D7%A7%D7%A0%D7%93%D7%94","https://www.youtube.com/watch?v=2yMp2iWXEhc"
"אמריקה - עומרי קנדה","קטגוריה:שירי שחקנים","https://wiki.red-fans.com/index.php?title=%D7%90%D7%9E%D7%A8%D7%99%D7%A7%D7%94_-_%D7%A2%D7%95%D7%9E%D7%A8%D7%99_%D7%A7%D7%A0%D7%93%D7%94","https://www.youtube.com/watch?v=kxT9ia18PrA"
"אני שוב מתאהב- איליה יבוריאן, ניר גלאון, נייט רובינסון","קטגוריה:שירי שחקנים","https://wiki.red-fans.com/index.php?title=%D7%90%D7%A0%D7%99_%D7%A9%D7%95%D7%91_%D7%9E%D7%AA%D7%90%D7%94%D7%91-_%D7%90%D7%99%D7%9C%D7%99%D7%94_%D7%99%D7%91%D7%95%D7%A8%D7%99%D7%90%D7%9F%2C_%D7%A0%D7%99%D7%A8_%D7%92%D7%9C%D7%90%D7%95%D7%9F%2C_%D7%A0%D7%99%D7%99%D7%98_%D7%A8%D7%95%D7%91%D7%99%D7%A0%D7%A1%D7%95%D7%9F","https://www.youtube.com/watch?v=qoGurrdtz6Q"
"אני שוב מתאהב- איליה יבוריאן, ניר גלאון, נייט רובינסון","קטגוריה:שירי שחקנים","https://wiki.red-fans.com/index.php?title=%D7%90%D7%A0%D7%99_%D7%A9%D7%95%D7%91_%D7%9E%D7%AA%D7%90%D7%94%D7%91-_%D7%90%D7%99%D7%9C%D7%99%D7%94_%D7%99%D7%91%D7%95%D7%A8%D7%99%D7%90%D7%9F%2C_%D7%A0%D7%99%D7%A8_%D7%92%D7%9C%D7%90%D7%95%D7%9F%2C_%D7%A0%D7%99%D7%99%D7%98_%D7%A8%D7%95%D7%91%D7%99%D7%A0%D7%A1%D7%95%D7%9F","https://www.youtube.com/watch?v=t3yBCXnW728"
"אף פעם לא תדעי - דני בונדר","קטגוריה:שירי שחקנים","https://wiki.red-fans.com/index.php?title=%D7%90%D7%A3_%D7%A4%D7%A2%D7%9D_%D7%9C%D7%90_%D7%AA%D7%93%D7%A2%D7%99_-_%D7%93%D7%A0%D7%99_%D7%91%D7%95%D7%A0%D7%93%D7%A8","https://www.youtube.com/watch?v=bJuyjgA_gvI"
"בא הביתה - אלין טופוזאקוב","קטגוריה:שירי שחקנים","https://wiki.red-fans.com/index.php?title=%D7%91%D7%90_%D7%94%D7%91%D7%99%D7%AA%D7%94_-_%D7%90%D7%9C%D7%99%D7%9F_%D7%98%D7%95%D7%A4%D7%95%D7%96%D7%90%D7%A7%D7%95%D7%91","https://www.youtube.com/watch?v=PIseipEXTA0"
"בא הביתה - אלין טופוזאקוב","קטגוריה:שירי שחקנים","https://wiki.red-fans.com/index.php?title=%D7%91%D7%90_%D7%94%D7%91%D7%99%D7%AA%D7%94_-_%D7%90%D7%9C%D7%99%D7%9F_%D7%98%D7%95%D7%A4%D7%95%D7%96%D7%90%D7%A7%D7%95%D7%91","https://www.youtube.com/watch?v=m8PlYd8rLXI"
"בית חם-רן יצחק","קטגוריה:שירי שחקנים","https://wiki.red-fans.com/index.php?title=%D7%91%D7%99%D7%AA_%D7%97%D7%9D-%D7%A8%D7%9F_%D7%99%D7%A6%D7%97%D7%A7","https://www.youtube.com/watch?v=qTfXh8-hEzE"
"במדינת הגמדים - מהראן לאלה","קטגוריה:שירי שחקנים","https://wiki.red-fans.com/index.php?title=%D7%91%D7%9E%D7%93%D7%99%D7%A0%D7%AA_%D7%94%D7%92%D7%9E%D7%93%D7%99%D7%9D_-_%D7%9E%D7%94%D7%A8%D7%90%D7%9F_%D7%9C%D7%90%D7%9C%D7%94","https://www.youtube.com/watch?v=8MHaLysJSko"
"ברבאבא - ישראל כהן, ישראל שיינפלד, רועי גופר","קטגוריה:שירי שחקנים","https://wiki.red-fans.com/index.php?title=%D7%91%D7%A8%D7%91%D7%90%D7%91%D7%90_-_%D7%99%D7%A9%D7%A8%D7%90%D7%9C_%D7%9B%D7%94%D7%9F%2C_%D7%99%D7%A9%D7%A8%D7%90%D7%9C_%D7%A9%D7%99%D7%99%D7%A0%D7%A4%D7%9C%D7%93%2C_%D7%A8%D7%95%D7%A2%D7%99_%D7%92%D7%95%D7%A4%D7%A8","https://www.youtube.com/watch?v=C3WjRiJyhIo"
"גולני שלי - אייל בן עמי, גלעד שמחוני","קטגוריה:שירי שחקנים","https://wiki.red-fans.com/index.php?title=%D7%92%D7%95%D7%9C%D7%A0%D7%99_%D7%A9%D7%9C%D7%99_-_%D7%90%D7%99%D7%99%D7%9C_%D7%91%D7%9F_%D7%A2%D7%9E%D7%99%2C_%D7%92%D7%9C%D7%A2%D7%93_%D7%A9%D7%9E%D7%97%D7%95%D7%A0%D7%99","https://www.youtube.com/watch?v=mdeHYlfnd_g"
"גן השקמים - בן סהר","קטגוריה:שירי שחקנים","https://wiki.red-fans.com/index.php?title=%D7%92%D7%9F_%D7%94%D7%A9%D7%A7%D7%9E%D7%99%D7%9D_-_%D7%91%D7%9F_%D7%A1%D7%94%D7%A8","https://www.youtube.com/watch?v=EY1vvILEHvM"
"דיווה - זוראב מנטשאשווילי","קטגוריה:שירי שחקנים","https://wiki.red-fans.com/index.php?title=%D7%93%D7%99%D7%95%D7%95%D7%94_-_%D7%96%D7%95%D7%A8%D7%90%D7%91_%D7%9E%D7%A0%D7%98%D7%A9%D7%90%D7%A9%D7%95%D7%95%D7%99%D7%9C%D7%99","https://www.youtube.com/watch?v=pdZi84F-Fsk"
"דנבר הדינוזאור האחרון-ברנקו איליץ","קטגוריה:שירי שחקנים","https://wiki.red-fans.com/index.php?title=%D7%93%D7%A0%D7%91%D7%A8_%D7%94%D7%93%D7%99%D7%A0%D7%95%D7%96%D7%90%D7%95%D7%A8_%D7%94%D7%90%D7%97%D7%A8%D7%95%D7%9F-%D7%91%D7%A8%D7%A0%D7%A7%D7%95_%D7%90%D7%99%D7%9C%D7%99%D7%A5","https://www.youtube.com/watch?v=TQk8vbwccBQ"
"דני שובבני - דניס אונישנקו, דני שוחט","קטגוריה:שירי שחקנים","https://wiki.red-fans.com/index.php?title=%D7%93%D7%A0%D7%99_%D7%A9%D7%95%D7%91%D7%91%D7%A0%D7%99_-_%D7%93%D7%A0%D7%99%D7%A1_%D7%90%D7%95%D7%A0%D7%99%D7%A9%D7%A0%D7%A7%D7%95%2C_%D7%93%D7%A0%D7%99_%D7%A9%D7%95%D7%97%D7%98","https://www.youtube.com/watch?v=hQGct8owqkk"
"הבל החן שקר היופי - איתי שכטר","קטגוריה:שירי שחקנים","https://wiki.red-fans.com/index.php?title=%D7%94%D7%91%D7%9C_%D7%94%D7%97%D7%9F_%D7%A9%D7%A7%D7%A8_%D7%94%D7%99%D7%95%D7%A4%D7%99_-_%D7%90%D7%99%D7%AA%D7%99_%D7%A9%D7%9B%D7%98%D7%A8","https://www.youtube.com/watch?v=a8yZcvoTYEE"
"הבל החן שקר היופי - איתי שכטר","קטגוריה:שירי שחקנים","https://wiki.red-fans.com/index.php?title=%D7%94%D7%91%D7%9C_%D7%94%D7%97%D7%9F_%D7%A9%D7%A7%D7%A8_%D7%94%D7%99%D7%95%D7%A4%D7%99_-_%D7%90%D7%99%D7%AA%D7%99_%D7%A9%D7%9B%D7%98%D7%A8","https://www.youtube.com/watch?v=WjTZdLd9CTM"
"הופה היי - אפולה אדל","קטגוריה:שירי שחקנים","https://wiki.red-fans.com/index.php?title=%D7%94%D7%95%D7%A4%D7%94_%D7%94%D7%99%D7%99_-_%D7%90%D7%A4%D7%95%D7%9C%D7%94_%D7%90%D7%93%D7%9C","https://www.youtube.com/watch?v=xsj07hPV9Cg"
"הקולות של פיראוס - לוסיאנו דה ברונו","קטגוריה:שירי שחקנים","https://wiki.red-fans.com/index.php?title=%D7%94%D7%A7%D7%95%D7%9C%D7%95%D7%AA_%D7%A9%D7%9C_%D7%A4%D7%99%D7%A8%D7%90%D7%95%D7%A1_-_%D7%9C%D7%95%D7%A1%D7%99%D7%90%D7%A0%D7%95_%D7%93%D7%94_%D7%91%D7%A8%D7%95%D7%A0%D7%95","https://www.youtube.com/watch?v=frzBJLmRbj0"
"השפן הקטן-לוקאש סאשה","קטגוריה:שירי שחקנים","https://wiki.red-fans.com/index.php?title=%D7%94%D7%A9%D7%A4%D7%9F_%D7%94%D7%A7%D7%98%D7%9F-%D7%9C%D7%95%D7%A7%D7%90%D7%A9_%D7%A1%D7%90%D7%A9%D7%94","https://www.youtube.com/watch?v=7cWW7_bBmbU"
"התחלה חדשה - מיכאל זנדברג","קטגוריה:שירי שחקנים","https://wiki.red-fans.com/index.php?title=%D7%94%D7%AA%D7%97%D7%9C%D7%94_%D7%97%D7%93%D7%A9%D7%94_-_%D7%9E%D7%99%D7%9B%D7%90%D7%9C_%D7%96%D7%A0%D7%93%D7%91%D7%A8%D7%92","https://www.youtube.com/watch?v=S3UwjpGWHmE"
"התחלה חדשה - מיכאל זנדברג","קטגוריה:שירי שחקנים","https://wiki.red-fans.com/index.php?title=%D7%94%D7%AA%D7%97%D7%9C%D7%94_%D7%97%D7%93%D7%A9%D7%94_-_%D7%9E%D7%99%D7%9B%D7%90%D7%9C_%D7%96%D7%A0%D7%93%D7%91%D7%A8%D7%92","https://www.youtube.com/watch?v=Bq4Xwq0V5AQ"
"חלומות - פאביו ג'וניור","קטגוריה:שירי שחקנים","https://wiki.red-fans.com/index.php?title=%D7%97%D7%9C%D7%95%D7%9E%D7%95%D7%AA_-_%D7%A4%D7%90%D7%91%D7%99%D7%95_%D7%92%27%D7%95%D7%A0%D7%99%D7%95%D7%A8","https://www.youtube.com/watch?v=ofa-ehYZbwQ"
"חלומות - פאביו ג'וניור","קטגוריה:שירי שחקנים","https://wiki.red-fans.com/index.php?title=%D7%97%D7%9C%D7%95%D7%9E%D7%95%D7%AA_-_%D7%A4%D7%90%D7%91%D7%99%D7%95_%D7%92%27%D7%95%D7%A0%D7%99%D7%95%D7%A8","https://www.youtube.com/watch?v=Y2HHAhQy6fU"
"ככה וככה - מזואה אנסומבו","קטגוריה:שירי שחקנים","https://wiki.red-fans.com/index.php?title=%D7%9B%D7%9B%D7%94_%D7%95%D7%9B%D7%9B%D7%94_-_%D7%9E%D7%96%D7%95%D7%90%D7%94_%D7%90%D7%A0%D7%A1%D7%95%D7%9E%D7%91%D7%95","https://www.youtube.com/watch?v=pu_K7ALK7Ok"
"כפיים-ריף מסיקה","קטגוריה:שירי שחקנים","https://wiki.red-fans.com/index.php?title=%D7%9B%D7%A4%D7%99%D7%99%D7%9D-%D7%A8%D7%99%D7%A3_%D7%9E%D7%A1%D7%99%D7%A7%D7%94","https://www.youtube.com/watch?v=sFdSCsTkU1s"
"כשאת בוכה את לא יפה - אליניב ברדה","קטגוריה:שירי שחקנים","https://wiki.red-fans.com/index.php?title=%D7%9B%D7%A9%D7%90%D7%AA_%D7%91%D7%95%D7%9B%D7%94_%D7%90%D7%AA_%D7%9C%D7%90_%D7%99%D7%A4%D7%94_-_%D7%90%D7%9C%D7%99%D7%A0%D7%99%D7%91_%D7%91%D7%A8%D7%93%D7%94","https://www.youtube.com/watch?v=Rd9uHs0zTLc"
"כשאת בוכה את לא יפה - אליניב ברדה","קטגוריה:שירי שחקנים","https://wiki.red-fans.com/index.php?title=%D7%9B%D7%A9%D7%90%D7%AA_%D7%91%D7%95%D7%9B%D7%94_%D7%90%D7%AA_%D7%9C%D7%90_%D7%99%D7%A4%D7%94_-_%D7%90%D7%9C%D7%99%D7%A0%D7%99%D7%91_%D7%91%D7%A8%D7%93%D7%94","https://www.youtube.com/watch?v=1tDbPqWL0tI"
"מאמי - אבי אזולאי, יואב בר, יניב גרין","קטגוריה:שירי שחקנים","https://wiki.red-fans.com/index.php?title=%D7%9E%D7%90%D7%9E%D7%99_-_%D7%90%D7%91%D7%99_%D7%90%D7%96%D7%95%D7%9C%D7%90%D7%99%2C_%D7%99%D7%95%D7%90%D7%91_%D7%91%D7%A8%2C_%D7%99%D7%A0%D7%99%D7%91_%D7%92%D7%A8%D7%99%D7%9F","https://www.youtube.com/watch?v=CEmyYYhM1Tk"
"מונו - ויקטור מרעי","קטגוריה:שירי שחקנים","https://wiki.red-fans.com/index.php?title=%D7%9E%D7%95%D7%A0%D7%95_-_%D7%95%D7%99%D7%A7%D7%98%D7%95%D7%A8_%D7%9E%D7%A8%D7%A2%D7%99","https://www.youtube.com/watch?v=v-TvQaCz_tU"
"מעלה מעלה - עמאר מנצור, אליעזר כהן","קטגוריה:שירי שחקנים","https://wiki.red-fans.com/index.php?title=%D7%9E%D7%A2%D7%9C%D7%94_%D7%9E%D7%A2%D7%9C%D7%94_-_%D7%A2%D7%9E%D7%90%D7%A8_%D7%9E%D7%A0%D7%A6%D7%95%D7%A8%2C_%D7%90%D7%9C%D7%99%D7%A2%D7%96%D7%A8_%D7%9B%D7%94%D7%9F","https://www.youtube.com/watch?v=gt9S2Whvqio"
"סיגל-דני עמוס","קטגוריה:שירי שחקנים","https://wiki.red-fans.com/index.php?title=%D7%A1%D7%99%D7%92%D7%9C-%D7%93%D7%A0%D7%99_%D7%A2%D7%9E%D7%95%D7%A1","https://www.youtube.com/watch?v=yn8Q6PLWQQs"
"עוד נגיע - נמניה וויצ'יצ'ביץ'","קטגוריה:שירי שחקנים","https://wiki.red-fans.com/index.php?title=%D7%A2%D7%95%D7%93_%D7%A0%D7%92%D7%99%D7%A2_-_%D7%A0%D7%9E%D7%A0%D7%99%D7%94_%D7%95%D7%95%D7%99%D7%A6%27%D7%99%D7%A6%27%D7%91%D7%99%D7%A5%27","https://www.youtube.com/watch?v=cM2xYXlJv5A"
"פתאום מצאתי בך - דאבור רופניק, גאבור הלמאי, תומר אטלס","קטגוריה:שירי שחקנים","https://wiki.red-fans.com/index.php?title=%D7%A4%D7%AA%D7%90%D7%95%D7%9D_%D7%9E%D7%A6%D7%90%D7%AA%D7%99_%D7%91%D7%9A_-_%D7%93%D7%90%D7%91%D7%95%D7%A8_%D7%A8%D7%95%D7%A4%D7%A0%D7%99%D7%A7%2C_%D7%92%D7%90%D7%91%D7%95%D7%A8_%D7%94%D7%9C%D7%9E%D7%90%D7%99%2C_%D7%AA%D7%95%D7%9E%D7%A8_%D7%90%D7%98%D7%9C%D7%A1","https://www.youtube.com/watch?v=sMvadmqrnU4"
"קח לך אישה ובנה לה בית - אביחי ידין, קורי קאר","קטגוריה:שירי שחקנים","https://wiki.red-fans.com/index.php?title=%D7%A7%D7%97_%D7%9C%D7%9A_%D7%90%D7%99%D7%A9%D7%94_%D7%95%D7%91%D7%A0%D7%94_%D7%9C%D7%94_%D7%91%D7%99%D7%AA_-_%D7%90%D7%91%D7%99%D7%97%D7%99_%D7%99%D7%93%D7%99%D7%9F%2C_%D7%A7%D7%95%D7%A8%D7%99_%D7%A7%D7%90%D7%A8","https://www.youtube.com/watch?v=ZzLIdkvQJ-I"
"קח לך אישה ובנה לה בית - אביחי ידין, קורי קאר","קטגוריה:שירי שחקנים","https://wiki.red-fans.com/index.php?title=%D7%A7%D7%97_%D7%9C%D7%9A_%D7%90%D7%99%D7%A9%D7%94_%D7%95%D7%91%D7%A0%D7%94_%D7%9C%D7%94_%D7%91%D7%99%D7%AA_-_%D7%90%D7%91%D7%99%D7%97%D7%99_%D7%99%D7%93%D7%99%D7%9F%2C_%D7%A7%D7%95%D7%A8%D7%99_%D7%A7%D7%90%D7%A8","https://www.youtube.com/watch?v=cw41uQ9uMqE"
"שיר ההבדלה - שביט אלימלך","קטגוריה:שירי שחקנים","https://wiki.red-fans.com/index.php?title=%D7%A9%D7%99%D7%A8_%D7%94%D7%94%D7%91%D7%93%D7%9C%D7%94_-_%D7%A9%D7%91%D7%99%D7%98_%D7%90%D7%9C%D7%99%D7%9E%D7%9C%D7%9A","https://www.youtube.com/watch?v=mD21Wh-2ac4"
"שיר ההבדלה - שביט אלימלך","קטגוריה:שירי שחקנים","https://wiki.red-fans.com/index.php?title=%D7%A9%D7%99%D7%A8_%D7%94%D7%94%D7%91%D7%93%D7%9C%D7%94_-_%D7%A9%D7%91%D7%99%D7%98_%D7%90%D7%9C%D7%99%D7%9E%D7%9C%D7%9A","https://www.youtube.com/watch?v=MPnv6IaCbY0"
"שלוש בלילה-בריאן גרזיצ'יץ'","קטגוריה:שירי שחקנים","https://wiki.red-fans.com/index.php?title=%D7%A9%D7%9C%D7%95%D7%A9_%D7%91%D7%9C%D7%99%D7%9C%D7%94-%D7%91%D7%A8%D7%99%D7%90%D7%9F_%D7%92%D7%A8%D7%96%D7%99%D7%A6%27%D7%99%D7%A5%27","https://www.youtube.com/watch?v=NyRZQko3gIY"
"שער הרחמים - סמואל יבואה","קטגוריה:שירי שחקנים","https://wiki.red-fans.com/index.php?title=%D7%A9%D7%A2%D7%A8_%D7%94%D7%A8%D7%97%D7%9E%D7%99%D7%9D_-_%D7%A1%D7%9E%D7%95%D7%90%D7%9C_%D7%99%D7%91%D7%95%D7%90%D7%94","https://www.youtube.com/watch?v=abPHOU-swOc"
"שער הרחמים - סמואל יבואה","קטגוריה:שירי שחקנים","https://wiki.red-fans.com/index.php?title=%D7%A9%D7%A2%D7%A8_%D7%94%D7%A8%D7%97%D7%9E%D7%99%D7%9D_-_%D7%A1%D7%9E%D7%95%D7%90%D7%9C_%D7%99%D7%91%D7%95%D7%90%D7%94","https://www.youtube.com/watch?v=dsQoNtvQh-c"
"תביא קצת דינרוס - סרגיי קלשנקו, רובן סולצ'אגה, טוהר חיימוביץ'","קטגוריה:שירי שחקנים","https://wiki.red-fans.com/index.php?title=%D7%AA%D7%91%D7%99%D7%90_%D7%A7%D7%A6%D7%AA_%D7%93%D7%99%D7%A0%D7%A8%D7%95%D7%A1_-_%D7%A1%D7%A8%D7%92%D7%99%D7%99_%D7%A7%D7%9C%D7%A9%D7%A0%D7%A7%D7%95%2C_%D7%A8%D7%95%D7%91%D7%9F_%D7%A1%D7%95%D7%9C%D7%A6%27%D7%90%D7%92%D7%94%2C_%D7%98%D7%95%D7%94%D7%A8_%D7%97%D7%99%D7%99%D7%9E%D7%95%D7%91%D7%99%D7%A5%27","https://www.youtube.com/watch?v=1wUaIU2H6nc"
"תביא קצת דינרוס - סרגיי קלשנקו, רובן סולצ'אגה, טוהר חיימוביץ'","קטגוריה:שירי שחקנים","https://wiki.red-fans.com/index.php?title=%D7%AA%D7%91%D7%99%D7%90_%D7%A7%D7%A6%D7%AA_%D7%93%D7%99%D7%A0%D7%A8%D7%95%D7%A1_-_%D7%A1%D7%A8%D7%92%D7%99%D7%99_%D7%A7%D7%9C%D7%A9%D7%A0%D7%A7%D7%95%2C_%D7%A8%D7%95%D7%91%D7%9F_%D7%A1%D7%95%D7%9C%D7%A6%27%D7%90%D7%92%D7%94%2C_%D7%98%D7%95%D7%94%D7%A8_%D7%97%D7%99%D7%99%D7%9E%D7%95%D7%91%D7%99%D7%A5%27","https://www.youtube.com/watch?v=D4PH5QYEoeA"
"תפילה - גילי ורמוט","קטגוריה:שירי שחקנים","https://wiki.red-fans.com/index.php?title=%D7%AA%D7%A4%D7%99%D7%9C%D7%94_-_%D7%92%D7%99%D7%9C%D7%99_%D7%95%D7%A8%D7%9E%D7%95%D7%98","https://www.youtube.com/watch?v=QI-weyu4Z_E"
"תפילה - גילי ורמוט","קטגוריה:שירי שחקנים","https://wiki.red-fans.com/index.php?title=%D7%AA%D7%A4%D7%99%D7%9C%D7%94_-_%D7%92%D7%99%D7%9C%D7%99_%D7%95%D7%A8%D7%9E%D7%95%D7%98","https://www.youtube.com/watch?v=BUJMDix8If4"
"אדום בלב","קטגוריה:שירים","https://wiki.red-fans.com/index.php?title=%D7%90%D7%93%D7%95%D7%9D_%D7%91%D7%9C%D7%91","https://www.youtube.com/watch?v=3BOocawSkVs"
"אדום עולה (שיר)","קטגוריה:שירים","https://wiki.red-fans.com/index.php?title=%D7%90%D7%93%D7%95%D7%9D_%D7%A2%D7%95%D7%9C%D7%94_%28%D7%A9%D7%99%D7%A8%29","https://www.youtube.com/watch?v=VVdoapvyw2I"
"אדומה לא תצעדי לבד","קטגוריה:שירים","https://wiki.red-fans.com/index.php?title=%D7%90%D7%93%D7%95%D7%9E%D7%94_%D7%9C%D7%90_%D7%AA%D7%A6%D7%A2%D7%93%D7%99_%D7%9C%D7%91%D7%93","https://www.youtube.com/watch?v=JSZWZqgOVEg"
"אדומה שלי","קטגוריה:שירים","https://wiki.red-fans.com/index.php?title=%D7%90%D7%93%D7%95%D7%9E%D7%94_%D7%A9%D7%9C%D7%99","https://www.youtube.com/watch?v=m2rGnG2HyUM"
"אדומה שלי","קטגוריה:שירים","https://wiki.red-fans.com/index.php?title=%D7%90%D7%93%D7%95%D7%9E%D7%94_%D7%A9%D7%9C%D7%99","https://www.youtube.com/watch?v=2wzVd4g1FbQ"
"אדומה שלי","קטגוריה:שירים","https://wiki.red-fans.com/index.php?title=%D7%90%D7%93%D7%95%D7%9E%D7%94_%D7%A9%D7%9C%D7%99","https://www.youtube.com/watch?v=gg_NhLxJnL8"
"אדומה שלי","קטגוריה:שירים","https://wiki.red-fans.com/index.php?title=%D7%90%D7%93%D7%95%D7%9E%D7%94_%D7%A9%D7%9C%D7%99","https://www.youtube.com/watch?v=y7xN1Wg4rRo"
"אדומה שלי","קטגוריה:שירים","https://wiki.red-fans.com/index.php?title=%D7%90%D7%93%D7%95%D7%9E%D7%94_%D7%A9%D7%9C%D7%99","https://www.youtube.com/watch?v=7n9SMzbFJj0"
"אדומה שלי","קטגוריה:שירים","https://wiki.red-fans.com/index.php?title=%D7%90%D7%93%D7%95%D7%9E%D7%94_%D7%A9%D7%9C%D7%99","https://www.youtube.com/watch?v=H5D8tBvMtRQ"
"אדומה שלי","קטגוריה:שירים","https://wiki.red-fans.com/index.php?title=%D7%90%D7%93%D7%95%D7%9E%D7%94_%D7%A9%D7%9C%D7%99","https://www.youtube.com/watch?v=KNYhH7Rhqyk"
"אדומה שלי","קטגוריה:שירים","https://wiki.red-fans.com/index.php?title=%D7%90%D7%93%D7%95%D7%9E%D7%94_%D7%A9%D7%9C%D7%99","https://www.youtube.com/watch?v=uHBVv0v0DQ4"
"אהבה בת מאה - שיר המאה של הפועל תל אביב","קטגוריה:שירים","https://wiki.red-fans.com/index.php?title=%D7%90%D7%94%D7%91%D7%94_%D7%91%D7%AA_%D7%9E%D7%90%D7%94_-_%D7%A9%D7%99%D7%A8_%D7%94%D7%9E%D7%90%D7%94_%D7%A9%D7%9C_%D7%94%D7%A4%D7%95%D7%A2%D7%9C_%D7%AA%D7%9C_%D7%90%D7%91%D7%99%D7%91","https://www.youtube.com/watch?v=BigULdRZHOc"
"אמרו לו","קטגוריה:שירים","https://wiki.red-fans.com/index.php?title=%D7%90%D7%9E%D7%A8%D7%95_%D7%9C%D7%95","https://www.youtube.com/watch?v=bR_ren6TlIQ"
"אמרו לו","קטגוריה:שירים","https://wiki.red-fans.com/index.php?title=%D7%90%D7%9E%D7%A8%D7%95_%D7%9C%D7%95","https://www.youtube.com/watch?v=Q1VGoKBKR3I"
"גם כשאת מגמגמת","קטגוריה:שירים","https://wiki.red-fans.com/index.php?title=%D7%92%D7%9D_%D7%9B%D7%A9%D7%90%D7%AA_%D7%9E%D7%92%D7%9E%D7%92%D7%9E%D7%AA","https://www.youtube.com/watch?v=rfvGz953w2k"
"היה לנו טוב נהיה לנו רע","קטגוריה:שירים","https://wiki.red-fans.com/index.php?title=%D7%94%D7%99%D7%94_%D7%9C%D7%A0%D7%95_%D7%98%D7%95%D7%91_%D7%A0%D7%94%D7%99%D7%94_%D7%9C%D7%A0%D7%95_%D7%A8%D7%A2","https://www.youtube.com/watch?v=Gxx-dOHias8"
"המלכה האדומה","קטגוריה:שירים","https://wiki.red-fans.com/index.php?title=%D7%94%D7%9E%D7%9C%D7%9B%D7%94_%D7%94%D7%90%D7%93%D7%95%D7%9E%D7%94","https://www.youtube.com/watch?v=7qPcnBW2UDU"
"הפועל את האלופה שלי","קטגוריה:שירים","https://wiki.red-fans.com/index.php?title=%D7%94%D7%A4%D7%95%D7%A2%D7%9C_%D7%90%D7%AA_%D7%94%D7%90%D7%9C%D7%95%D7%A4%D7%94_%D7%A9%D7%9C%D7%99","https://www.youtube.com/watch?v=0cQi5GhWsCE"
"הפועל את האלופה שלי","קטגוריה:שירים","https://wiki.red-fans.com/index.php?title=%D7%94%D7%A4%D7%95%D7%A2%D7%9C_%D7%90%D7%AA_%D7%94%D7%90%D7%9C%D7%95%D7%A4%D7%94_%D7%A9%D7%9C%D7%99","https://www.youtube.com/watch?v=vz56DYG_ElM"
"הפועל ואני","קטגוריה:שירים","https://wiki.red-fans.com/index.php?title=%D7%94%D7%A4%D7%95%D7%A2%D7%9C_%D7%95%D7%90%D7%A0%D7%99","https://www.youtube.com/watch?v=rG4E-n6Qlpg"
"הפועל שלי","קטגוריה:שירים","https://wiki.red-fans.com/index.php?title=%D7%94%D7%A4%D7%95%D7%A2%D7%9C_%D7%A9%D7%9C%D7%99","https://www.youtube.com/watch?v=6oakHMQD48Y"
"הפועל תל אביב (שיר גביע)","קטגוריה:שירים","https://wiki.red-fans.com/index.php?title=%D7%94%D7%A4%D7%95%D7%A2%D7%9C_%D7%AA%D7%9C_%D7%90%D7%91%D7%99%D7%91_%28%D7%A9%D7%99%D7%A8_%D7%92%D7%91%D7%99%D7%A2%29","https://www.youtube.com/watch?v=KznJ_JnkI6c"
"הפועל תל אביב היא האלופה","קטגוריה:שירים","https://wiki.red-fans.com/index.php?title=%D7%94%D7%A4%D7%95%D7%A2%D7%9C_%D7%AA%D7%9C_%D7%90%D7%91%D7%99%D7%91_%D7%94%D7%99%D7%90_%D7%94%D7%90%D7%9C%D7%95%D7%A4%D7%94","https://www.youtube.com/watch?v=F_uc8kU_gbs"
"הפועל תל אביב היא קבוצה גדולה (2000)","קטגוריה:שירים","https://wiki.red-fans.com/index.php?title=%D7%94%D7%A4%D7%95%D7%A2%D7%9C_%D7%AA%D7%9C_%D7%90%D7%91%D7%99%D7%91_%D7%94%D7%99%D7%90_%D7%A7%D7%91%D7%95%D7%A6%D7%94_%D7%92%D7%93%D7%95%D7%9C%D7%94_%282000%29",""
"הפועל תל אביב המנון האוהדים והשחקנים","קטגוריה:שירים","https://wiki.red-fans.com/index.php?title=%D7%94%D7%A4%D7%95%D7%A2%D7%9C_%D7%AA%D7%9C_%D7%90%D7%91%D7%99%D7%91_%D7%94%D7%9E%D7%A0%D7%95%D7%9F_%D7%94%D7%90%D7%95%D7%94%D7%93%D7%99%D7%9D_%D7%95%D7%94%D7%A9%D7%97%D7%A7%D7%A0%D7%99%D7%9D","https://www.youtube.com/watch?v=MuA7LWFAXus"
"הפועל תל אביב המנון האוהדים והשחקנים","קטגוריה:שירים","https://wiki.red-fans.com/index.php?title=%D7%94%D7%A4%D7%95%D7%A2%D7%9C_%D7%AA%D7%9C_%D7%90%D7%91%D7%99%D7%91_%D7%94%D7%9E%D7%A0%D7%95%D7%9F_%D7%94%D7%90%D7%95%D7%94%D7%93%D7%99%D7%9D_%D7%95%D7%94%D7%A9%D7%97%D7%A7%D7%A0%D7%99%D7%9D","https://www.youtube.com/watch?v=WHafwcoLxPE"
"הפועל תל אביב זו קבוצה גדולה","קטגוריה:שירים","https://wiki.red-fans.com/index.php?title=%D7%94%D7%A4%D7%95%D7%A2%D7%9C_%D7%AA%D7%9C_%D7%90%D7%91%D7%99%D7%91_%D7%96%D7%95_%D7%A7%D7%91%D7%95%D7%A6%D7%94_%D7%92%D7%93%D7%95%D7%9C%D7%94","https://www.youtube.com/watch?v=JIES_UT6ptM"
"הפועל תל אביב שלנו אלופה","קטגוריה:שירים","https://wiki.red-fans.com/index.php?title=%D7%94%D7%A4%D7%95%D7%A2%D7%9C_%D7%AA%D7%9C_%D7%90%D7%91%D7%99%D7%91_%D7%A9%D7%9C%D7%A0%D7%95_%D7%90%D7%9C%D7%95%D7%A4%D7%94","https://www.youtube.com/watch?v=ireHun9ngAc"
"השדים האדומים (שיר)","קטגוריה:שירים","https://wiki.red-fans.com/index.php?title=%D7%94%D7%A9%D7%93%D7%99%D7%9D_%D7%94%D7%90%D7%93%D7%95%D7%9E%D7%99%D7%9D_%28%D7%A9%D7%99%D7%A8%29","https://www.youtube.com/watch?v=FkDH7WzHxAU"
"השדים האדומים (שיר)","קטגוריה:שירים","https://wiki.red-fans.com/index.php?title=%D7%94%D7%A9%D7%93%D7%99%D7%9D_%D7%94%D7%90%D7%93%D7%95%D7%9E%D7%99%D7%9D_%28%D7%A9%D7%99%D7%A8%29","https://www.youtube.com/watch?v=yKrjoYt-CeU"
"השדים האדומים (שיר)","קטגוריה:שירים","https://wiki.red-fans.com/index.php?title=%D7%94%D7%A9%D7%93%D7%99%D7%9D_%D7%94%D7%90%D7%93%D7%95%D7%9E%D7%99%D7%9D_%28%D7%A9%D7%99%D7%A8%29","https://www.youtube.com/watch?v=DsDMjf7csy0"
"ואלה שמות","קטגוריה:שירים","https://wiki.red-fans.com/index.php?title=%D7%95%D7%90%D7%9C%D7%94_%D7%A9%D7%9E%D7%95%D7%AA","https://www.youtube.com/watch?v=j59rd1tlVAk"
"ואלה שמות","קטגוריה:שירים","https://wiki.red-fans.com/index.php?title=%D7%95%D7%90%D7%9C%D7%94_%D7%A9%D7%9E%D7%95%D7%AA","https://www.youtube.com/watch?v=c1CZyurYYoo"
"ואלה שמות - גרסת הפועל ת""א","קטגוריה:שירים","https://wiki.red-fans.com/index.php?title=%D7%95%D7%90%D7%9C%D7%94_%D7%A9%D7%9E%D7%95%D7%AA_-_%D7%92%D7%A8%D7%A1%D7%AA_%D7%94%D7%A4%D7%95%D7%A2%D7%9C_%D7%AA%22%D7%90","https://www.youtube.com/watch?v=Urv0yfiKI_8"
"ילדה","קטגוריה:שירים","https://wiki.red-fans.com/index.php?title=%D7%99%D7%9C%D7%93%D7%94","https://www.youtube.com/watch?v=WZGUwkLW8mI"
"יש קבוצה כה דגולה","קטגוריה:שירים","https://wiki.red-fans.com/index.php?title=%D7%99%D7%A9_%D7%A7%D7%91%D7%95%D7%A6%D7%94_%D7%9B%D7%94_%D7%93%D7%92%D7%95%D7%9C%D7%94","https://www.youtube.com/watch?v=Qqwt-TG4vo4"
"כמו פעם אוסישקין","קטגוריה:שירים","https://wiki.red-fans.com/index.php?title=%D7%9B%D7%9E%D7%95_%D7%A4%D7%A2%D7%9D_%D7%90%D7%95%D7%A1%D7%99%D7%A9%D7%A7%D7%99%D7%9F","https://www.youtube.com/watch?v=lJ0akKvq9AE"
"כמו פעם אוסישקין","קטגוריה:שירים","https://wiki.red-fans.com/index.php?title=%D7%9B%D7%9E%D7%95_%D7%A4%D7%A2%D7%9D_%D7%90%D7%95%D7%A1%D7%99%D7%A9%D7%A7%D7%99%D7%9F","https://www.youtube.com/watch?v=nT9VV3W5hqM"
"לעולם לא תצעד לבד - עידן רז ז""ל","קטגוריה:שירים","https://wiki.red-fans.com/index.php?title=%D7%9C%D7%A2%D7%95%D7%9C%D7%9D_%D7%9C%D7%90_%D7%AA%D7%A6%D7%A2%D7%93_%D7%9C%D7%91%D7%93_-_%D7%A2%D7%99%D7%93%D7%9F_%D7%A8%D7%96_%D7%96%22%D7%9C","https://www.youtube.com/watch?v=egX0aCYgnLY"
"לעולם לא תצעדי לבד","קטגוריה:שירים","https://wiki.red-fans.com/index.php?title=%D7%9C%D7%A2%D7%95%D7%9C%D7%9D_%D7%9C%D7%90_%D7%AA%D7%A6%D7%A2%D7%93%D7%99_%D7%9C%D7%91%D7%93","https://www.youtube.com/watch?v=0JRU8Lr_4I0"
"לעולם לא תצעדי לבד","קטגוריה:שירים","https://wiki.red-fans.com/index.php?title=%D7%9C%D7%A2%D7%95%D7%9C%D7%9D_%D7%9C%D7%90_%D7%AA%D7%A6%D7%A2%D7%93%D7%99_%D7%9C%D7%91%D7%93","https://www.youtube.com/watch?v=zv_cwxbWako"
"לעולם לא תצעדי לבד","קטגוריה:שירים","https://wiki.red-fans.com/index.php?title=%D7%9C%D7%A2%D7%95%D7%9C%D7%9D_%D7%9C%D7%90_%D7%AA%D7%A6%D7%A2%D7%93%D7%99_%D7%9C%D7%91%D7%93","https://www.youtube.com/watch?v=Dd9qP-taSes"
"סע לאט","קטגוריה:שירים","https://wiki.red-fans.com/index.php?title=%D7%A1%D7%A2_%D7%9C%D7%90%D7%98","https://www.youtube.com/watch?v=VVnRh-raz2s"
"סע לאט","קטגוריה:שירים","https://wiki.red-fans.com/index.php?title=%D7%A1%D7%A2_%D7%9C%D7%90%D7%98","https://www.youtube.com/watch?v=lxRHQb1JSDE"
"סע לאט ב'","קטגוריה:שירים","https://wiki.red-fans.com/index.php?title=%D7%A1%D7%A2_%D7%9C%D7%90%D7%98_%D7%91%27","https://www.youtube.com/watch?v=Hl_wdCi7578"
"עומרי, שומע?","קטגוריה:שירים","https://wiki.red-fans.com/index.php?title=%D7%A2%D7%95%D7%9E%D7%A8%D7%99%2C_%D7%A9%D7%95%D7%9E%D7%A2%3F","https://www.youtube.com/watch?v=4vSL9Qnq7kw"
"עומרי, שומע?","קטגוריה:שירים","https://wiki.red-fans.com/index.php?title=%D7%A2%D7%95%D7%9E%D7%A8%D7%99%2C_%D7%A9%D7%95%D7%9E%D7%A2%3F","https://www.youtube.com/watch?v=qEd9qnGV5T0"
"עונה מהאגדות","קטגוריה:שירים","https://wiki.red-fans.com/index.php?title=%D7%A2%D7%95%D7%A0%D7%94_%D7%9E%D7%94%D7%90%D7%92%D7%93%D7%95%D7%AA","https://www.youtube.com/watch?v=-8NsD2ZkJNs"
"עוצמה אדומה","קטגוריה:שירים","https://wiki.red-fans.com/index.php?title=%D7%A2%D7%95%D7%A6%D7%9E%D7%94_%D7%90%D7%93%D7%95%D7%9E%D7%94","https://www.youtube.com/watch?v=7qQbrQB1Gew"
"שיר הגביע","קטגוריה:שירים","https://wiki.red-fans.com/index.php?title=%D7%A9%D7%99%D7%A8_%D7%94%D7%92%D7%91%D7%99%D7%A2","https://www.youtube.com/watch?v=fBIEsEaaUyw"
"שיר הדאבל (2009/10)","קטגוריה:שירים","https://wiki.red-fans.com/index.php?title=%D7%A9%D7%99%D7%A8_%D7%94%D7%93%D7%90%D7%91%D7%9C_%282009/10%29","https://www.youtube.com/watch?v=pSQFMZSd39E"
"שיר הדאבל (2009/10)","קטגוריה:שירים","https://wiki.red-fans.com/index.php?title=%D7%A9%D7%99%D7%A8_%D7%94%D7%93%D7%90%D7%91%D7%9C_%282009/10%29","https://www.youtube.com/watch?v=aBxpL5nGqhM"
"שיר חולוני","קטגוריה:שירים","https://wiki.red-fans.com/index.php?title=%D7%A9%D7%99%D7%A8_%D7%97%D7%95%D7%9C%D7%95%D7%A0%D7%99","https://www.youtube.com/watch?v=awa6ReAiEXY"
"שלום תקווה (שיר)","קטגוריה:שירים","https://wiki.red-fans.com/index.php?title=%D7%A9%D7%9C%D7%95%D7%9D_%D7%AA%D7%A7%D7%95%D7%95%D7%94_%28%D7%A9%D7%99%D7%A8%29","https://www.youtube.com/watch?v=Nf8WEPj9jys"
"שער שש","קטגוריה:שירים","https://wiki.red-fans.com/index.php?title=%D7%A9%D7%A2%D7%A8_%D7%A9%D7%A9","https://www.youtube.com/watch?v=4R-LcxMq_ho"
"אדום עולה בבלומפילד","קטגוריה:שירים מהיציע","https://wiki.red-fans.com/index.php?title=%D7%90%D7%93%D7%95%D7%9D_%D7%A2%D7%95%D7%9C%D7%94_%D7%91%D7%91%D7%9C%D7%95%D7%9E%D7%A4%D7%99%D7%9C%D7%93","https://www.youtube.com/watch?v=dMyphGs_S2E"
"אדום עולה בבלומפילד","קטגוריה:שירים מהיציע","https://wiki.red-fans.com/index.php?title=%D7%90%D7%93%D7%95%D7%9D_%D7%A2%D7%95%D7%9C%D7%94_%D7%91%D7%91%D7%9C%D7%95%D7%9E%D7%A4%D7%99%D7%9C%D7%93","https://www.youtube.com/watch?v=rIN2AGdObLs"
"אדום עולה בבלומפילד","קטגוריה:שירים מהיציע","https://wiki.red-fans.com/index.php?title=%D7%90%D7%93%D7%95%D7%9D_%D7%A2%D7%95%D7%9C%D7%94_%D7%91%D7%91%D7%9C%D7%95%D7%9E%D7%A4%D7%99%D7%9C%D7%93","https://www.youtube.com/watch?v=VAKnLYKZr5Y"
"אדום עולה בבלומפילד","קטגוריה:שירים מהיציע","https://wiki.red-fans.com/index.php?title=%D7%90%D7%93%D7%95%D7%9D_%D7%A2%D7%95%D7%9C%D7%94_%D7%91%D7%91%D7%9C%D7%95%D7%9E%D7%A4%D7%99%D7%9C%D7%93","https://www.youtube.com/watch?v=y5szVNgLMm4"
"אדום עולה בבלומפילד","קטגוריה:שירים מהיציע","https://wiki.red-fans.com/index.php?title=%D7%90%D7%93%D7%95%D7%9D_%D7%A2%D7%95%D7%9C%D7%94_%D7%91%D7%91%D7%9C%D7%95%D7%9E%D7%A4%D7%99%D7%9C%D7%93","https://www.youtube.com/watch?v=eEXCqk2SZaU"
"אדום עולה בבלומפילד","קטגוריה:שירים מהיציע","https://wiki.red-fans.com/index.php?title=%D7%90%D7%93%D7%95%D7%9D_%D7%A2%D7%95%D7%9C%D7%94_%D7%91%D7%91%D7%9C%D7%95%D7%9E%D7%A4%D7%99%D7%9C%D7%93","https://www.youtube.com/watch?v=hOkLDfriGrk"
"אדום עולה בבלומפילד","קטגוריה:שירים מהיציע","https://wiki.red-fans.com/index.php?title=%D7%90%D7%93%D7%95%D7%9D_%D7%A2%D7%95%D7%9C%D7%94_%D7%91%D7%91%D7%9C%D7%95%D7%9E%D7%A4%D7%99%D7%9C%D7%93","https://www.youtube.com/watch?v=_4LmdKWVW1M"
"אדום עולה בבלומפילד","קטגוריה:שירים מהיציע","https://wiki.red-fans.com/index.php?title=%D7%90%D7%93%D7%95%D7%9D_%D7%A2%D7%95%D7%9C%D7%94_%D7%91%D7%91%D7%9C%D7%95%D7%9E%D7%A4%D7%99%D7%9C%D7%93","https://www.youtube.com/watch?v=9vkLfL4sJ6Q"
"אדום עולה בבלומפילד","קטגוריה:שירים מהיציע","https://wiki.red-fans.com/index.php?title=%D7%90%D7%93%D7%95%D7%9D_%D7%A2%D7%95%D7%9C%D7%94_%D7%91%D7%91%D7%9C%D7%95%D7%9E%D7%A4%D7%99%D7%9C%D7%93","https://www.youtube.com/watch?v=pKSt0Od_M1E"
"אדום עולה בבלומפילד","קטגוריה:שירים מהיציע","https://wiki.red-fans.com/index.php?title=%D7%90%D7%93%D7%95%D7%9D_%D7%A2%D7%95%D7%9C%D7%94_%D7%91%D7%91%D7%9C%D7%95%D7%9E%D7%A4%D7%99%D7%9C%D7%93","https://www.youtube.com/watch?v=S7gS6rZ_4MU"
"אדום עולה בבלומפילד","קטגוריה:שירים מהיציע","https://wiki.red-fans.com/index.php?title=%D7%90%D7%93%D7%95%D7%9D_%D7%A2%D7%95%D7%9C%D7%94_%D7%91%D7%91%D7%9C%D7%95%D7%9E%D7%A4%D7%99%D7%9C%D7%93","https://www.youtube.com/watch?v=bTAzFOh4Jtc"
"אדום עולה בבלומפילד","קטגוריה:שירים מהיציע","https://wiki.red-fans.com/index.php?title=%D7%90%D7%93%D7%95%D7%9D_%D7%A2%D7%95%D7%9C%D7%94_%D7%91%D7%91%D7%9C%D7%95%D7%9E%D7%A4%D7%99%D7%9C%D7%93","https://www.youtube.com/watch?v=frLlx-jk2QM"
"אדום עולה בבלומפילד","קטגוריה:שירים מהיציע","https://wiki.red-fans.com/index.php?title=%D7%90%D7%93%D7%95%D7%9D_%D7%A2%D7%95%D7%9C%D7%94_%D7%91%D7%91%D7%9C%D7%95%D7%9E%D7%A4%D7%99%D7%9C%D7%93","https://www.youtube.com/watch?v=vJ19uSDFNm0"
"אדום עולה בבלומפילד","קטגוריה:שירים מהיציע","https://wiki.red-fans.com/index.php?title=%D7%90%D7%93%D7%95%D7%9D_%D7%A2%D7%95%D7%9C%D7%94_%D7%91%D7%91%D7%9C%D7%95%D7%9E%D7%A4%D7%99%D7%9C%D7%93","https://www.youtube.com/watch?v=l5JPv15PIe0"
"אדום עולה בבלומפילד","קטגוריה:שירים מהיציע","https://wiki.red-fans.com/index.php?title=%D7%90%D7%93%D7%95%D7%9D_%D7%A2%D7%95%D7%9C%D7%94_%D7%91%D7%91%D7%9C%D7%95%D7%9E%D7%A4%D7%99%D7%9C%D7%93","https://www.youtube.com/watch?v=xgc69qNkXKs"
"אדום עולה בבלומפילד","קטגוריה:שירים מהיציע","https://wiki.red-fans.com/index.php?title=%D7%90%D7%93%D7%95%D7%9D_%D7%A2%D7%95%D7%9C%D7%94_%D7%91%D7%91%D7%9C%D7%95%D7%9E%D7%A4%D7%99%D7%9C%D7%93","https://www.youtube.com/watch?v=rgWBpJ7H0Jo"
"אדום עולה בבלומפילד","קטגוריה:שירים מהיציע","https://wiki.red-fans.com/index.php?title=%D7%90%D7%93%D7%95%D7%9D_%D7%A2%D7%95%D7%9C%D7%94_%D7%91%D7%91%D7%9C%D7%95%D7%9E%D7%A4%D7%99%D7%9C%D7%93","https://www.youtube.com/watch?v=dI_rgc0Na2U"
"אדום עולה בבלומפילד","קטגוריה:שירים מהיציע","https://wiki.red-fans.com/index.php?title=%D7%90%D7%93%D7%95%D7%9D_%D7%A2%D7%95%D7%9C%D7%94_%D7%91%D7%91%D7%9C%D7%95%D7%9E%D7%A4%D7%99%D7%9C%D7%93","https://www.youtube.com/watch?v=rAxE5hUkbZ8"
"אדום עולה בבלומפילד","קטגוריה:שירים מהיציע","https://wiki.red-fans.com/index.php?title=%D7%90%D7%93%D7%95%D7%9D_%D7%A2%D7%95%D7%9C%D7%94_%D7%91%D7%91%D7%9C%D7%95%D7%9E%D7%A4%D7%99%D7%9C%D7%93","https://www.youtube.com/watch?v=IhMNCqhWcx0"
"אדום עולה בבלומפילד","קטגוריה:שירים מהיציע","https://wiki.red-fans.com/index.php?title=%D7%90%D7%93%D7%95%D7%9D_%D7%A2%D7%95%D7%9C%D7%94_%D7%91%D7%91%D7%9C%D7%95%D7%9E%D7%A4%D7%99%D7%9C%D7%93","https://www.youtube.com/watch?v=lkAyfGuapug"
"אדום עולה בבלומפילד","קטגוריה:שירים מהיציע","https://wiki.red-fans.com/index.php?title=%D7%90%D7%93%D7%95%D7%9D_%D7%A2%D7%95%D7%9C%D7%94_%D7%91%D7%91%D7%9C%D7%95%D7%9E%D7%A4%D7%99%D7%9C%D7%93","https://www.youtube.com/watch?v=RHxwsIF7t-A"
"אדום עולה בבלומפילד","קטגוריה:שירים מהיציע","https://wiki.red-fans.com/index.php?title=%D7%90%D7%93%D7%95%D7%9D_%D7%A2%D7%95%D7%9C%D7%94_%D7%91%D7%91%D7%9C%D7%95%D7%9E%D7%A4%D7%99%D7%9C%D7%93","https://www.youtube.com/watch?v=GmOkN9K0rmU"
"אדום עולה עולה","קטגוריה:שירים מהיציע","https://wiki.red-fans.com/index.php?title=%D7%90%D7%93%D7%95%D7%9D_%D7%A2%D7%95%D7%9C%D7%94_%D7%A2%D7%95%D7%9C%D7%94","https://www.youtube.com/watch?v=bpmlR4bLFxo"
"אוהב אותך אני שלך","קטגוריה:שירים מהיציע","https://wiki.red-fans.com/index.php?title=%D7%90%D7%95%D7%94%D7%91_%D7%90%D7%95%D7%AA%D7%9A_%D7%90%D7%A0%D7%99_%D7%A9%D7%9C%D7%9A","https://www.youtube.com/watch?v=JhbYESVx9qE"
"אוהב אותך אני שלך","קטגוריה:שירים מהיציע","https://wiki.red-fans.com/index.php?title=%D7%90%D7%95%D7%94%D7%91_%D7%90%D7%95%D7%AA%D7%9A_%D7%90%D7%A0%D7%99_%D7%A9%D7%9C%D7%9A","https://www.youtube.com/watch?v=ECuhMQgC4p0"
"אוהב אותך אני שלך","קטגוריה:שירים מהיציע","https://wiki.red-fans.com/index.php?title=%D7%90%D7%95%D7%94%D7%91_%D7%90%D7%95%D7%AA%D7%9A_%D7%90%D7%A0%D7%99_%D7%A9%D7%9C%D7%9A","https://www.youtube.com/watch?v=_pRlb9Po_64"
"אוהב אותך הפועל","קטגוריה:שירים מהיציע","https://wiki.red-fans.com/index.php?title=%D7%90%D7%95%D7%94%D7%91_%D7%90%D7%95%D7%AA%D7%9A_%D7%94%D7%A4%D7%95%D7%A2%D7%9C","https://www.youtube.com/watch?v=AkDEMUy5Q94"
"אוווו אוו נהההה נה נה נה","קטגוריה:שירים מהיציע","https://wiki.red-fans.com/index.php?title=%D7%90%D7%95%D7%95%D7%95%D7%95_%D7%90%D7%95%D7%95_%D7%A0%D7%94%D7%94%D7%94%D7%94_%D7%A0%D7%94_%D7%A0%D7%94_%D7%A0%D7%94","https://www.youtube.com/watch?v=n-6T7L5qa1M"
"אוווו אוו נהההה נה נה נה","קטגוריה:שירים מהיציע","https://wiki.red-fans.com/index.php?title=%D7%90%D7%95%D7%95%D7%95%D7%95_%D7%90%D7%95%D7%95_%D7%A0%D7%94%D7%94%D7%94%D7%94_%D7%A0%D7%94_%D7%A0%D7%94_%D7%A0%D7%94","https://www.youtube.com/watch?v=xnL3BHXvj5I"
"אומרים לי שזה רק כדורגל","קטגוריה:שירים מהיציע","https://wiki.red-fans.com/index.php?title=%D7%90%D7%95%D7%9E%D7%A8%D7%99%D7%9D_%D7%9C%D7%99_%D7%A9%D7%96%D7%94_%D7%A8%D7%A7_%D7%9B%D7%93%D7%95%D7%A8%D7%92%D7%9C","https://www.youtube.com/watch?v=uqnPqoch_Fo"
"אומרים לי שזה רק כדורגל","קטגוריה:שירים מהיציע","https://wiki.red-fans.com/index.php?title=%D7%90%D7%95%D7%9E%D7%A8%D7%99%D7%9D_%D7%9C%D7%99_%D7%A9%D7%96%D7%94_%D7%A8%D7%A7_%D7%9B%D7%93%D7%95%D7%A8%D7%92%D7%9C","https://www.youtube.com/watch?v=fNThHjoimrY"
"אומרים לי שזה רק כדורגל","קטגוריה:שירים מהיציע","https://wiki.red-fans.com/index.php?title=%D7%90%D7%95%D7%9E%D7%A8%D7%99%D7%9D_%D7%9C%D7%99_%D7%A9%D7%96%D7%94_%D7%A8%D7%A7_%D7%9B%D7%93%D7%95%D7%A8%D7%92%D7%9C","https://www.youtube.com/watch?v=8WbASa770SA"
"אומרים לי שזה רק כדורגל","קטגוריה:שירים מהיציע","https://wiki.red-fans.com/index.php?title=%D7%90%D7%95%D7%9E%D7%A8%D7%99%D7%9D_%D7%9C%D7%99_%D7%A9%D7%96%D7%94_%D7%A8%D7%A7_%D7%9B%D7%93%D7%95%D7%A8%D7%92%D7%9C","https://www.youtube.com/watch?v=oTfiPwDsPaE"
"אותך אוהב בטוב וברע","קטגוריה:שירים מהיציע","https://wiki.red-fans.com/index.php?title=%D7%90%D7%95%D7%AA%D7%9A_%D7%90%D7%95%D7%94%D7%91_%D7%91%D7%98%D7%95%D7%91_%D7%95%D7%91%D7%A8%D7%A2","https://www.youtube.com/watch?v=D4N4UvZc31E"
"אותך אני אוהב","קטגוריה:שירים מהיציע","https://wiki.red-fans.com/index.php?title=%D7%90%D7%95%D7%AA%D7%9A_%D7%90%D7%A0%D7%99_%D7%90%D7%95%D7%94%D7%91","https://www.youtube.com/watch?v=OMOGaugKpzs"
"אותך אני אוהב","קטגוריה:שירים מהיציע","https://wiki.red-fans.com/index.php?title=%D7%90%D7%95%D7%AA%D7%9A_%D7%90%D7%A0%D7%99_%D7%90%D7%95%D7%94%D7%91","https://www.youtube.com/watch?v=1G4R6A61MxM"
"אותך אני אוהב","קטגוריה:שירים מהיציע","https://wiki.red-fans.com/index.php?title=%D7%90%D7%95%D7%AA%D7%9A_%D7%90%D7%A0%D7%99_%D7%90%D7%95%D7%94%D7%91","https://www.youtube.com/watch?v=7UqOdxPc0tY"
"אחרייך הפועל אני בא בכל מצב","קטגוריה:שירים מהיציע","https://wiki.red-fans.com/index.php?title=%D7%90%D7%97%D7%A8%D7%99%D7%99%D7%9A_%D7%94%D7%A4%D7%95%D7%A2%D7%9C_%D7%90%D7%A0%D7%99_%D7%91%D7%90_%D7%91%D7%9B%D7%9C_%D7%9E%D7%A6%D7%91","https://www.youtube.com/watch?v=yHfZMgI5q6Y"
"אחרייך הפועל אני בא בכל מצב","קטגוריה:שירים מהיציע","https://wiki.red-fans.com/index.php?title=%D7%90%D7%97%D7%A8%D7%99%D7%99%D7%9A_%D7%94%D7%A4%D7%95%D7%A2%D7%9C_%D7%90%D7%A0%D7%99_%D7%91%D7%90_%D7%91%D7%9B%D7%9C_%D7%9E%D7%A6%D7%91","https://www.youtube.com/watch?v=bfb1fUTXCy0"
"אחרייך הפועל אני בא בכל מצב","קטגוריה:שירים מהיציע","https://wiki.red-fans.com/index.php?title=%D7%90%D7%97%D7%A8%D7%99%D7%99%D7%9A_%D7%94%D7%A4%D7%95%D7%A2%D7%9C_%D7%90%D7%A0%D7%99_%D7%91%D7%90_%D7%91%D7%9B%D7%9C_%D7%9E%D7%A6%D7%91","https://www.youtube.com/watch?v=A-GdGREq57o"
"אחרייך הפועל אני בא בכל מצב","קטגוריה:שירים מהיציע","https://wiki.red-fans.com/index.php?title=%D7%90%D7%97%D7%A8%D7%99%D7%99%D7%9A_%D7%94%D7%A4%D7%95%D7%A2%D7%9C_%D7%90%D7%A0%D7%99_%D7%91%D7%90_%D7%91%D7%9B%D7%9C_%D7%9E%D7%A6%D7%91","https://www.youtube.com/watch?v=O0DS-qkbAOU"
"אחרייך הפועל אני בא בכל מצב","קטגוריה:שירים מהיציע","https://wiki.red-fans.com/index.php?title=%D7%90%D7%97%D7%A8%D7%99%D7%99%D7%9A_%D7%94%D7%A4%D7%95%D7%A2%D7%9C_%D7%90%D7%A0%D7%99_%D7%91%D7%90_%D7%91%D7%9B%D7%9C_%D7%9E%D7%A6%D7%91","https://www.youtube.com/watch?v=hkEEA8wa6GQ"
"אחרייך הפועל אני בא בכל מצב","קטגוריה:שירים מהיציע","https://wiki.red-fans.com/index.php?title=%D7%90%D7%97%D7%A8%D7%99%D7%99%D7%9A_%D7%94%D7%A4%D7%95%D7%A2%D7%9C_%D7%90%D7%A0%D7%99_%D7%91%D7%90_%D7%91%D7%9B%D7%9C_%D7%9E%D7%A6%D7%91","https://www.youtube.com/watch?v=4YCy5_SPN7E"
"אחרייך הפועל אני בא בכל מצב","קטגוריה:שירים מהיציע","https://wiki.red-fans.com/index.php?title=%D7%90%D7%97%D7%A8%D7%99%D7%99%D7%9A_%D7%94%D7%A4%D7%95%D7%A2%D7%9C_%D7%90%D7%A0%D7%99_%D7%91%D7%90_%D7%91%D7%9B%D7%9C_%D7%9E%D7%A6%D7%91","https://www.youtube.com/watch?v=c97R6-1Xvs8"
"אחרייך הפועל אני בא בכל מצב","קטגוריה:שירים מהיציע","https://wiki.red-fans.com/index.php?title=%D7%90%D7%97%D7%A8%D7%99%D7%99%D7%9A_%D7%94%D7%A4%D7%95%D7%A2%D7%9C_%D7%90%D7%A0%D7%99_%D7%91%D7%90_%D7%91%D7%9B%D7%9C_%D7%9E%D7%A6%D7%91","https://www.youtube.com/watch?v=occc4sc9SYg"
"אחרייך הפועל אני בא בכל מצב","קטגוריה:שירים מהיציע","https://wiki.red-fans.com/index.php?title=%D7%90%D7%97%D7%A8%D7%99%D7%99%D7%9A_%D7%94%D7%A4%D7%95%D7%A2%D7%9C_%D7%90%D7%A0%D7%99_%D7%91%D7%90_%D7%91%D7%9B%D7%9C_%D7%9E%D7%A6%D7%91","https://www.youtube.com/watch?v=qsPsg6Ulrzc"
"אחרייך הפועל אני בא בכל מצב","קטגוריה:שירים מהיציע","https://wiki.red-fans.com/index.php?title=%D7%90%D7%97%D7%A8%D7%99%D7%99%D7%9A_%D7%94%D7%A4%D7%95%D7%A2%D7%9C_%D7%90%D7%A0%D7%99_%D7%91%D7%90_%D7%91%D7%9B%D7%9C_%D7%9E%D7%A6%D7%91","https://www.youtube.com/watch?v=DUpBVGn9bZA"
"אחרייך הפועל אני בא בכל מצב","קטגוריה:שירים מהיציע","https://wiki.red-fans.com/index.php?title=%D7%90%D7%97%D7%A8%D7%99%D7%99%D7%9A_%D7%94%D7%A4%D7%95%D7%A2%D7%9C_%D7%90%D7%A0%D7%99_%D7%91%D7%90_%D7%91%D7%9B%D7%9C_%D7%9E%D7%A6%D7%91","https://www.youtube.com/watch?v=FUh7TRgu_sE"
"אחרייך הפועל אני בא בכל מצב","קטגוריה:שירים מהיציע","https://wiki.red-fans.com/index.php?title=%D7%90%D7%97%D7%A8%D7%99%D7%99%D7%9A_%D7%94%D7%A4%D7%95%D7%A2%D7%9C_%D7%90%D7%A0%D7%99_%D7%91%D7%90_%D7%91%D7%9B%D7%9C_%D7%9E%D7%A6%D7%91","https://www.youtube.com/watch?v=beFqXWUhKUA"
"אחרייך הפועל אני בא בכל מצב","קטגוריה:שירים מהיציע","https://wiki.red-fans.com/index.php?title=%D7%90%D7%97%D7%A8%D7%99%D7%99%D7%9A_%D7%94%D7%A4%D7%95%D7%A2%D7%9C_%D7%90%D7%A0%D7%99_%D7%91%D7%90_%D7%91%D7%9B%D7%9C_%D7%9E%D7%A6%D7%91","https://www.youtube.com/watch?v=AM8LN9hepWg"
"איך הקהל באטרף","קטגוריה:שירים מהיציע","https://wiki.red-fans.com/index.php?title=%D7%90%D7%99%D7%9A_%D7%94%D7%A7%D7%94%D7%9C_%D7%91%D7%90%D7%98%D7%A8%D7%A3","https://www.youtube.com/watch?v=u10ciReA1TE"
"איך זה בוער","קטגוריה:שירים מהיציע","https://wiki.red-fans.com/index.php?title=%D7%90%D7%99%D7%9A_%D7%96%D7%94_%D7%91%D7%95%D7%A2%D7%A8","https://www.youtube.com/watch?v=N81zJdcKHrs"
"אין לי גרוש ועדיין בא","קטגוריה:שירים מהיציע","https://wiki.red-fans.com/index.php?title=%D7%90%D7%99%D7%9F_%D7%9C%D7%99_%D7%92%D7%A8%D7%95%D7%A9_%D7%95%D7%A2%D7%93%D7%99%D7%99%D7%9F_%D7%91%D7%90","https://www.youtube.com/watch?v=IFLgChjqRUA"
"אין עוד ריגוש כזה אני יודע","קטגוריה:שירים מהיציע","https://wiki.red-fans.com/index.php?title=%D7%90%D7%99%D7%9F_%D7%A2%D7%95%D7%93_%D7%A8%D7%99%D7%92%D7%95%D7%A9_%D7%9B%D7%96%D7%94_%D7%90%D7%A0%D7%99_%D7%99%D7%95%D7%93%D7%A2","https://www.youtube.com/watch?v=ud4011gVvhw"
"איפה שתגידי אני מתייצב","קטגוריה:שירים מהיציע","https://wiki.red-fans.com/index.php?title=%D7%90%D7%99%D7%A4%D7%94_%D7%A9%D7%AA%D7%92%D7%99%D7%93%D7%99_%D7%90%D7%A0%D7%99_%D7%9E%D7%AA%D7%99%D7%99%D7%A6%D7%91","https://www.youtube.com/watch?v=4F8N2gQC9f8"
"איפה שתגידי אני מתייצב","קטגוריה:שירים מהיציע","https://wiki.red-fans.com/index.php?title=%D7%90%D7%99%D7%A4%D7%94_%D7%A9%D7%AA%D7%92%D7%99%D7%93%D7%99_%D7%90%D7%A0%D7%99_%D7%9E%D7%AA%D7%99%D7%99%D7%A6%D7%91","https://www.youtube.com/watch?v=aj0eIcBuwdc"
"איתך עד המוות גם אם אשתגע","קטגוריה:שירים מהיציע","https://wiki.red-fans.com/index.php?title=%D7%90%D7%99%D7%AA%D7%9A_%D7%A2%D7%93_%D7%94%D7%9E%D7%95%D7%95%D7%AA_%D7%92%D7%9D_%D7%90%D7%9D_%D7%90%D7%A9%D7%AA%D7%92%D7%A2","https://www.youtube.com/watch?v=unyASyBbZfQ"
"אלירן שודד זקנות","קטגוריה:שירים מהיציע","https://wiki.red-fans.com/index.php?title=%D7%90%D7%9C%D7%99%D7%A8%D7%9F_%D7%A9%D7%95%D7%93%D7%93_%D7%96%D7%A7%D7%A0%D7%95%D7%AA",""
"אלך איתך לכל מקום","קטגוריה:שירים מהיציע","https://wiki.red-fans.com/index.php?title=%D7%90%D7%9C%D7%9A_%D7%90%D7%99%D7%AA%D7%9A_%D7%9C%D7%9B%D7%9C_%D7%9E%D7%A7%D7%95%D7%9D","https://www.youtube.com/watch?v=kKYEHyEhZIE"
"אלך איתך לכל מקום","קטגוריה:שירים מהיציע","https://wiki.red-fans.com/index.php?title=%D7%90%D7%9C%D7%9A_%D7%90%D7%99%D7%AA%D7%9A_%D7%9C%D7%9B%D7%9C_%D7%9E%D7%A7%D7%95%D7%9D","https://www.youtube.com/watch?v=M5iwGVLi9AI"
"אלך איתך לכל מקום","קטגוריה:שירים מהיציע","https://wiki.red-fans.com/index.php?title=%D7%90%D7%9C%D7%9A_%D7%90%D7%99%D7%AA%D7%9A_%D7%9C%D7%9B%D7%9C_%D7%9E%D7%A7%D7%95%D7%9D","https://www.youtube.com/watch?v=pcN_UMcHK78"
"אלך איתך לכל מקום","קטגוריה:שירים מהיציע","https://wiki.red-fans.com/index.php?title=%D7%90%D7%9C%D7%9A_%D7%90%D7%99%D7%AA%D7%9A_%D7%9C%D7%9B%D7%9C_%D7%9E%D7%A7%D7%95%D7%9D","https://www.youtube.com/watch?v=qPZRwQFP2pk"
"אלך איתך לכל מקום","קטגוריה:שירים מהיציע","https://wiki.red-fans.com/index.php?title=%D7%90%D7%9C%D7%9A_%D7%90%D7%99%D7%AA%D7%9A_%D7%9C%D7%9B%D7%9C_%D7%9E%D7%A7%D7%95%D7%9D","https://www.youtube.com/watch?v=Ph38kOL6IVc"
"אלך איתך לכל מקום","קטגוריה:שירים מהיציע","https://wiki.red-fans.com/index.php?title=%D7%90%D7%9C%D7%9A_%D7%90%D7%99%D7%AA%D7%9A_%D7%9C%D7%9B%D7%9C_%D7%9E%D7%A7%D7%95%D7%9D","https://www.youtube.com/watch?v=KPVTd4GA71Q"
"אלך איתך לכל מקום","קטגוריה:שירים מהיציע","https://wiki.red-fans.com/index.php?title=%D7%90%D7%9C%D7%9A_%D7%90%D7%99%D7%AA%D7%9A_%D7%9C%D7%9B%D7%9C_%D7%9E%D7%A7%D7%95%D7%9D","https://www.youtube.com/watch?v=ZYP3KYywyIY"
"אלך איתך לכל מקום","קטגוריה:שירים מהיציע","https://wiki.red-fans.com/index.php?title=%D7%90%D7%9C%D7%9A_%D7%90%D7%99%D7%AA%D7%9A_%D7%9C%D7%9B%D7%9C_%D7%9E%D7%A7%D7%95%D7%9D","https://www.youtube.com/watch?v=NaoeyFyPtLo"
"אם הצהובים היו עמוק באדמה","קטגוריה:שירים מהיציע","https://wiki.red-fans.com/index.php?title=%D7%90%D7%9D_%D7%94%D7%A6%D7%94%D7%95%D7%91%D7%99%D7%9D_%D7%94%D7%99%D7%95_%D7%A2%D7%9E%D7%95%D7%A7_%D7%91%D7%90%D7%93%D7%9E%D7%94","https://www.youtube.com/watch?v=0ogtkBWvpps"
"אמרו עליי הכל","קטגוריה:שירים מהיציע","https://wiki.red-fans.com/index.php?title=%D7%90%D7%9E%D7%A8%D7%95_%D7%A2%D7%9C%D7%99%D7%99_%D7%94%D7%9B%D7%9C","https://www.youtube.com/watch?v=d63zhQZDQeo"
"אמרו עליי הכל","קטגוריה:שירים מהיציע","https://wiki.red-fans.com/index.php?title=%D7%90%D7%9E%D7%A8%D7%95_%D7%A2%D7%9C%D7%99%D7%99_%D7%94%D7%9B%D7%9C","https://www.youtube.com/watch?v=FRtvaTwoEM4"
"אמרו עליי הכל","קטגוריה:שירים מהיציע","https://wiki.red-fans.com/index.php?title=%D7%90%D7%9E%D7%A8%D7%95_%D7%A2%D7%9C%D7%99%D7%99_%D7%94%D7%9B%D7%9C","https://www.youtube.com/watch?v=f-RJePMWHQQ"
"אנחנו לא שכירי חרב","קטגוריה:שירים מהיציע","https://wiki.red-fans.com/index.php?title=%D7%90%D7%A0%D7%97%D7%A0%D7%95_%D7%9C%D7%90_%D7%A9%D7%9B%D7%99%D7%A8%D7%99_%D7%97%D7%A8%D7%91","https://www.youtube.com/watch?v=KOZL4GqYSVY"
"אנחנו לא שכירי חרב","קטגוריה:שירים מהיציע","https://wiki.red-fans.com/index.php?title=%D7%90%D7%A0%D7%97%D7%A0%D7%95_%D7%9C%D7%90_%D7%A9%D7%9B%D7%99%D7%A8%D7%99_%D7%97%D7%A8%D7%91","https://www.youtube.com/watch?v=MwMFR3pOKoQ"
"אנחנו לא שכירי חרב","קטגוריה:שירים מהיציע","https://wiki.red-fans.com/index.php?title=%D7%90%D7%A0%D7%97%D7%A0%D7%95_%D7%9C%D7%90_%D7%A9%D7%9B%D7%99%D7%A8%D7%99_%D7%97%D7%A8%D7%91","https://www.youtube.com/watch?v=cb-yHwOqYmI"
"אנחנו לא שכירי חרב","קטגוריה:שירים מהיציע","https://wiki.red-fans.com/index.php?title=%D7%90%D7%A0%D7%97%D7%A0%D7%95_%D7%9C%D7%90_%D7%A9%D7%9B%D7%99%D7%A8%D7%99_%D7%97%D7%A8%D7%91","https://www.youtube.com/watch?v=iaew9xYU6ps"
"אנחנו לא שכירי חרב","קטגוריה:שירים מהיציע","https://wiki.red-fans.com/index.php?title=%D7%90%D7%A0%D7%97%D7%A0%D7%95_%D7%9C%D7%90_%D7%A9%D7%9B%D7%99%D7%A8%D7%99_%D7%97%D7%A8%D7%91","https://www.youtube.com/watch?v=ma2_gxSqOCs"
"אני אדום בנשמה","קטגוריה:שירים מהיציע","https://wiki.red-fans.com/index.php?title=%D7%90%D7%A0%D7%99_%D7%90%D7%93%D7%95%D7%9D_%D7%91%D7%A0%D7%A9%D7%9E%D7%94",""
"אני אוהב אותך תמיד","קטגוריה:שירים מהיציע","https://wiki.red-fans.com/index.php?title=%D7%90%D7%A0%D7%99_%D7%90%D7%95%D7%94%D7%91_%D7%90%D7%95%D7%AA%D7%9A_%D7%AA%D7%9E%D7%99%D7%93","https://www.youtube.com/watch?v=ABILx3XvJHk"
"אני לא רגוע","קטגוריה:שירים מהיציע","https://wiki.red-fans.com/index.php?title=%D7%90%D7%A0%D7%99_%D7%9C%D7%90_%D7%A8%D7%92%D7%95%D7%A2","https://www.youtube.com/watch?v=ea9oKKM8wIs"
"אני לא רגוע","קטגוריה:שירים מהיציע","https://wiki.red-fans.com/index.php?title=%D7%90%D7%A0%D7%99_%D7%9C%D7%90_%D7%A8%D7%92%D7%95%D7%A2","https://www.youtube.com/watch?v=QeooG13vzdw"
"אני לא רגוע","קטגוריה:שירים מהיציע","https://wiki.red-fans.com/index.php?title=%D7%90%D7%A0%D7%99_%D7%9C%D7%90_%D7%A8%D7%92%D7%95%D7%A2","https://www.youtube.com/watch?v=_58xWAHn0q8"
"אני לא רגוע","קטגוריה:שירים מהיציע","https://wiki.red-fans.com/index.php?title=%D7%90%D7%A0%D7%99_%D7%9C%D7%90_%D7%A8%D7%92%D7%95%D7%A2","https://www.youtube.com/watch?v=6fxySN2MMgE"
"אני לא רגוע","קטגוריה:שירים מהיציע","https://wiki.red-fans.com/index.php?title=%D7%90%D7%A0%D7%99_%D7%9C%D7%90_%D7%A8%D7%92%D7%95%D7%A2","https://www.youtube.com/watch?v=4WdXtJMxG58"
"אני שונא אותך בית""ר","קטגוריה:שירים מהיציע","https://wiki.red-fans.com/index.php?title=%D7%90%D7%A0%D7%99_%D7%A9%D7%95%D7%A0%D7%90_%D7%90%D7%95%D7%AA%D7%9A_%D7%91%D7%99%D7%AA%22%D7%A8","https://www.youtube.com/watch?v=9qByNWhAa5U"
"אנשים רק מדברים","קטגוריה:שירים מהיציע","https://wiki.red-fans.com/index.php?title=%D7%90%D7%A0%D7%A9%D7%99%D7%9D_%D7%A8%D7%A7_%D7%9E%D7%93%D7%91%D7%A8%D7%99%D7%9D","https://www.youtube.com/watch?v=h7ddNsV-QLI"
"אנשים רק מדברים","קטגוריה:שירים מהיציע","https://wiki.red-fans.com/index.php?title=%D7%90%D7%A0%D7%A9%D7%99%D7%9D_%D7%A8%D7%A7_%D7%9E%D7%93%D7%91%D7%A8%D7%99%D7%9D","https://www.youtube.com/watch?v=C1KmwTtH5uw"
"אנשים רק מדברים","קטגוריה:שירים מהיציע","https://wiki.red-fans.com/index.php?title=%D7%90%D7%A0%D7%A9%D7%99%D7%9D_%D7%A8%D7%A7_%D7%9E%D7%93%D7%91%D7%A8%D7%99%D7%9D","https://www.youtube.com/watch?v=ubj73Cwkeu4"
"אנשים רק מדברים","קטגוריה:שירים מהיציע","https://wiki.red-fans.com/index.php?title=%D7%90%D7%A0%D7%A9%D7%99%D7%9D_%D7%A8%D7%A7_%D7%9E%D7%93%D7%91%D7%A8%D7%99%D7%9D","https://www.youtube.com/watch?v=gIJrJ0TYrN4"
"אנשים רק מדברים","קטגוריה:שירים מהיציע","https://wiki.red-fans.com/index.php?title=%D7%90%D7%A0%D7%A9%D7%99%D7%9D_%D7%A8%D7%A7_%D7%9E%D7%93%D7%91%D7%A8%D7%99%D7%9D","https://www.youtube.com/watch?v=P2EHDn4BDUY"
"אנשים רק מדברים","קטגוריה:שירים מהיציע","https://wiki.red-fans.com/index.php?title=%D7%90%D7%A0%D7%A9%D7%99%D7%9D_%D7%A8%D7%A7_%D7%9E%D7%93%D7%91%D7%A8%D7%99%D7%9D","https://www.youtube.com/watch?v=s7D7OkDTjj0"
"אנשים רק מדברים","קטגוריה:שירים מהיציע","https://wiki.red-fans.com/index.php?title=%D7%90%D7%A0%D7%A9%D7%99%D7%9D_%D7%A8%D7%A7_%D7%9E%D7%93%D7%91%D7%A8%D7%99%D7%9D","https://www.youtube.com/watch?v=H-t_Nk5OWa0"
"אנשים רק מדברים","קטגוריה:שירים מהיציע","https://wiki.red-fans.com/index.php?title=%D7%90%D7%A0%D7%A9%D7%99%D7%9D_%D7%A8%D7%A7_%D7%9E%D7%93%D7%91%D7%A8%D7%99%D7%9D","https://www.youtube.com/watch?v=GVClYPnXqTc"
"אנשים רק מדברים","קטגוריה:שירים מהיציע","https://wiki.red-fans.com/index.php?title=%D7%90%D7%A0%D7%A9%D7%99%D7%9D_%D7%A8%D7%A7_%D7%9E%D7%93%D7%91%D7%A8%D7%99%D7%9D","https://www.youtube.com/watch?v=6Gy6FMoFczo"
"אנשים רק מדברים","קטגוריה:שירים מהיציע","https://wiki.red-fans.com/index.php?title=%D7%90%D7%A0%D7%A9%D7%99%D7%9D_%D7%A8%D7%A7_%D7%9E%D7%93%D7%91%D7%A8%D7%99%D7%9D","https://www.youtube.com/watch?v=Kt1YDHb-1M4"
"אשתו של אובארוב","קטגוריה:שירים מהיציע","https://wiki.red-fans.com/index.php?title=%D7%90%D7%A9%D7%AA%D7%95_%D7%A9%D7%9C_%D7%90%D7%95%D7%91%D7%90%D7%A8%D7%95%D7%91","https://www.youtube.com/watch?v=cfAHLES_Yd8"
"את זאת שאהבתי","קטגוריה:שירים מהיציע","https://wiki.red-fans.com/index.php?title=%D7%90%D7%AA_%D7%96%D7%90%D7%AA_%D7%A9%D7%90%D7%94%D7%91%D7%AA%D7%99","https://www.youtube.com/watch?v=rkcTUMuIQKo"
"את זאת שאהבתי","קטגוריה:שירים מהיציע","https://wiki.red-fans.com/index.php?title=%D7%90%D7%AA_%D7%96%D7%90%D7%AA_%D7%A9%D7%90%D7%94%D7%91%D7%AA%D7%99","https://www.youtube.com/watch?v=DsMuNdD8SYI"
"את כמו אש","קטגוריה:שירים מהיציע","https://wiki.red-fans.com/index.php?title=%D7%90%D7%AA_%D7%9B%D7%9E%D7%95_%D7%90%D7%A9","https://www.youtube.com/watch?v=SeSDsbsIUh0"
"את כמו אש","קטגוריה:שירים מהיציע","https://wiki.red-fans.com/index.php?title=%D7%90%D7%AA_%D7%9B%D7%9E%D7%95_%D7%90%D7%A9","https://www.youtube.com/watch?v=13uPHBDJQkE"
"את לא דומה לשום דבר אחר","קטגוריה:שירים מהיציע","https://wiki.red-fans.com/index.php?title=%D7%90%D7%AA_%D7%9C%D7%90_%D7%93%D7%95%D7%9E%D7%94_%D7%9C%D7%A9%D7%95%D7%9D_%D7%93%D7%91%D7%A8_%D7%90%D7%97%D7%A8","https://www.youtube.com/watch?v=MBA1b5wsxnQ"
"בא לי לזרוק שוטר","קטגוריה:שירים מהיציע","https://wiki.red-fans.com/index.php?title=%D7%91%D7%90_%D7%9C%D7%99_%D7%9C%D7%96%D7%A8%D7%95%D7%A7_%D7%A9%D7%95%D7%98%D7%A8",""
"באנו אותך לראות","קטגוריה:שירים מהיציע","https://wiki.red-fans.com/index.php?title=%D7%91%D7%90%D7%A0%D7%95_%D7%90%D7%95%D7%AA%D7%9A_%D7%9C%D7%A8%D7%90%D7%95%D7%AA","https://www.youtube.com/watch?v=C0f87PaxCXY"
"בחוף של פורטוגל","קטגוריה:שירים מהיציע","https://wiki.red-fans.com/index.php?title=%D7%91%D7%97%D7%95%D7%A3_%D7%A9%D7%9C_%D7%A4%D7%95%D7%A8%D7%98%D7%95%D7%92%D7%9C","https://www.youtube.com/watch?v=scm1ZeaYHg4"
"בחורים שותים קצת יין","קטגוריה:שירים מהיציע","https://wiki.red-fans.com/index.php?title=%D7%91%D7%97%D7%95%D7%A8%D7%99%D7%9D_%D7%A9%D7%95%D7%AA%D7%99%D7%9D_%D7%A7%D7%A6%D7%AA_%D7%99%D7%99%D7%9F","https://www.youtube.com/watch?v=kmpmW6qblJI"
"בחורים שותים קצת יין","קטגוריה:שירים מהיציע","https://wiki.red-fans.com/index.php?title=%D7%91%D7%97%D7%95%D7%A8%D7%99%D7%9D_%D7%A9%D7%95%D7%AA%D7%99%D7%9D_%D7%A7%D7%A6%D7%AA_%D7%99%D7%99%D7%9F","https://www.youtube.com/watch?v=rj32Ep6BSW0"
"בחורים שותים קצת יין","קטגוריה:שירים מהיציע","https://wiki.red-fans.com/index.php?title=%D7%91%D7%97%D7%95%D7%A8%D7%99%D7%9D_%D7%A9%D7%95%D7%AA%D7%99%D7%9D_%D7%A7%D7%A6%D7%AA_%D7%99%D7%99%D7%9F","https://www.youtube.com/watch?v=Et8aqlwCeh4"
"בחורים שותים קצת יין","קטגוריה:שירים מהיציע","https://wiki.red-fans.com/index.php?title=%D7%91%D7%97%D7%95%D7%A8%D7%99%D7%9D_%D7%A9%D7%95%D7%AA%D7%99%D7%9D_%D7%A7%D7%A6%D7%AA_%D7%99%D7%99%D7%9F","https://www.youtube.com/watch?v=1SMYV7a8rWs"
"בחורים שותים קצת יין","קטגוריה:שירים מהיציע","https://wiki.red-fans.com/index.php?title=%D7%91%D7%97%D7%95%D7%A8%D7%99%D7%9D_%D7%A9%D7%95%D7%AA%D7%99%D7%9D_%D7%A7%D7%A6%D7%AA_%D7%99%D7%99%D7%9F","https://www.youtube.com/watch?v=YhoFCdEFvf0"
"ביום אחד בחודש מארס","קטגוריה:שירים מהיציע","https://wiki.red-fans.com/index.php?title=%D7%91%D7%99%D7%95%D7%9D_%D7%90%D7%97%D7%93_%D7%91%D7%97%D7%95%D7%93%D7%A9_%D7%9E%D7%90%D7%A8%D7%A1",""
"בין הערביים נמחא כפיים","קטגוריה:שירים מהיציע","https://wiki.red-fans.com/index.php?title=%D7%91%D7%99%D7%9F_%D7%94%D7%A2%D7%A8%D7%91%D7%99%D7%99%D7%9D_%D7%A0%D7%9E%D7%97%D7%90_%D7%9B%D7%A4%D7%99%D7%99%D7%9D","https://www.youtube.com/watch?v=pCTG5upaVVE"
"בכל העולם","קטגוריה:שירים מהיציע","https://wiki.red-fans.com/index.php?title=%D7%91%D7%9B%D7%9C_%D7%94%D7%A2%D7%95%D7%9C%D7%9D","https://www.youtube.com/watch?v=pAyKJAtDNCw"
"בכל העולם","קטגוריה:שירים מהיציע","https://wiki.red-fans.com/index.php?title=%D7%91%D7%9B%D7%9C_%D7%94%D7%A2%D7%95%D7%9C%D7%9D","https://www.youtube.com/watch?v=EwFRyUqcoCY"
"בכל העולם","קטגוריה:שירים מהיציע","https://wiki.red-fans.com/index.php?title=%D7%91%D7%9B%D7%9C_%D7%94%D7%A2%D7%95%D7%9C%D7%9D","https://www.youtube.com/watch?v=Z1Crd6p17GA"
"בכל העולם","קטגוריה:שירים מהיציע","https://wiki.red-fans.com/index.php?title=%D7%91%D7%9B%D7%9C_%D7%94%D7%A2%D7%95%D7%9C%D7%9D","https://www.youtube.com/watch?v=PGMEwIJcbTs"
"בכל העולם","קטגוריה:שירים מהיציע","https://wiki.red-fans.com/index.php?title=%D7%91%D7%9B%D7%9C_%D7%94%D7%A2%D7%95%D7%9C%D7%9D","https://www.youtube.com/watch?v=HucZbDTtKPw"
"בכל העולם","קטגוריה:שירים מהיציע","https://wiki.red-fans.com/index.php?title=%D7%91%D7%9B%D7%9C_%D7%94%D7%A2%D7%95%D7%9C%D7%9D","https://www.youtube.com/watch?v=nSDPEbHzTYg"
"בכל העולם","קטגוריה:שירים מהיציע","https://wiki.red-fans.com/index.php?title=%D7%91%D7%9B%D7%9C_%D7%94%D7%A2%D7%95%D7%9C%D7%9D","https://www.youtube.com/watch?v=yh7F6XeYXCg"
"בכל העולם","קטגוריה:שירים מהיציע","https://wiki.red-fans.com/index.php?title=%D7%91%D7%9B%D7%9C_%D7%94%D7%A2%D7%95%D7%9C%D7%9D","https://www.youtube.com/watch?v=zxM8LQ2P6ps"
"בכל העולם","קטגוריה:שירים מהיציע","https://wiki.red-fans.com/index.php?title=%D7%91%D7%9B%D7%9C_%D7%94%D7%A2%D7%95%D7%9C%D7%9D","https://www.youtube.com/watch?v=whAQrlOTCm0"
"בכל העולם","קטגוריה:שירים מהיציע","https://wiki.red-fans.com/index.php?title=%D7%91%D7%9B%D7%9C_%D7%94%D7%A2%D7%95%D7%9C%D7%9D","https://www.youtube.com/watch?v=9jEM5xngeds"
"בכל העולם","קטגוריה:שירים מהיציע","https://wiki.red-fans.com/index.php?title=%D7%91%D7%9B%D7%9C_%D7%94%D7%A2%D7%95%D7%9C%D7%9D","https://www.youtube.com/watch?v=Uh025Pb6SMs"
"בכל העולם","קטגוריה:שירים מהיציע","https://wiki.red-fans.com/index.php?title=%D7%91%D7%9B%D7%9C_%D7%94%D7%A2%D7%95%D7%9C%D7%9D","https://www.youtube.com/watch?v=RJ-7T4y8Qa0"
"בכל העיר כולם יודעים","קטגוריה:שירים מהיציע","https://wiki.red-fans.com/index.php?title=%D7%91%D7%9B%D7%9C_%D7%94%D7%A2%D7%99%D7%A8_%D7%9B%D7%95%D7%9C%D7%9D_%D7%99%D7%95%D7%93%D7%A2%D7%99%D7%9D","https://www.youtube.com/watch?v=xutSE2KgyHw"
"בכל העיר כולם יודעים","קטגוריה:שירים מהיציע","https://wiki.red-fans.com/index.php?title=%D7%91%D7%9B%D7%9C_%D7%94%D7%A2%D7%99%D7%A8_%D7%9B%D7%95%D7%9C%D7%9D_%D7%99%D7%95%D7%93%D7%A2%D7%99%D7%9D","https://www.youtube.com/watch?v=sWCgCUt8pWI"
"בכל העיר כולם יודעים","קטגוריה:שירים מהיציע","https://wiki.red-fans.com/index.php?title=%D7%91%D7%9B%D7%9C_%D7%94%D7%A2%D7%99%D7%A8_%D7%9B%D7%95%D7%9C%D7%9D_%D7%99%D7%95%D7%93%D7%A2%D7%99%D7%9D","https://www.youtube.com/watch?v=FshHa6uKTXc"
"בכל מקום בכל מגרש","קטגוריה:שירים מהיציע","https://wiki.red-fans.com/index.php?title=%D7%91%D7%9B%D7%9C_%D7%9E%D7%A7%D7%95%D7%9D_%D7%91%D7%9B%D7%9C_%D7%9E%D7%92%D7%A8%D7%A9","https://www.youtube.com/watch?v=F_-ZuVy76yg"
"בכל מקום בכל מגרש","קטגוריה:שירים מהיציע","https://wiki.red-fans.com/index.php?title=%D7%91%D7%9B%D7%9C_%D7%9E%D7%A7%D7%95%D7%9D_%D7%91%D7%9B%D7%9C_%D7%9E%D7%92%D7%A8%D7%A9","https://www.youtube.com/watch?v=r5P4VAZP_dg"
"בכל מקום בכל מגרש","קטגוריה:שירים מהיציע","https://wiki.red-fans.com/index.php?title=%D7%91%D7%9B%D7%9C_%D7%9E%D7%A7%D7%95%D7%9D_%D7%91%D7%9B%D7%9C_%D7%9E%D7%92%D7%A8%D7%A9","https://www.youtube.com/watch?v=n4RjJKxsamQ"
"בכל מקום, בכל פינה","קטגוריה:שירים מהיציע","https://wiki.red-fans.com/index.php?title=%D7%91%D7%9B%D7%9C_%D7%9E%D7%A7%D7%95%D7%9D%2C_%D7%91%D7%9B%D7%9C_%D7%A4%D7%99%D7%A0%D7%94","https://www.youtube.com/watch?v=dG3Lx08HhgM"
"בכל שבוע קרנבל","קטגוריה:שירים מהיציע","https://wiki.red-fans.com/index.php?title=%D7%91%D7%9B%D7%9C_%D7%A9%D7%91%D7%95%D7%A2_%D7%A7%D7%A8%D7%A0%D7%91%D7%9C","https://www.youtube.com/watch?v=5BmEGm-mraE"
"בכל שבוע קרנבל","קטגוריה:שירים מהיציע","https://wiki.red-fans.com/index.php?title=%D7%91%D7%9B%D7%9C_%D7%A9%D7%91%D7%95%D7%A2_%D7%A7%D7%A8%D7%A0%D7%91%D7%9C","https://www.youtube.com/watch?v=0i7EPSWc9AE"
"בכל שבוע קרנבל","קטגוריה:שירים מהיציע","https://wiki.red-fans.com/index.php?title=%D7%91%D7%9B%D7%9C_%D7%A9%D7%91%D7%95%D7%A2_%D7%A7%D7%A8%D7%A0%D7%91%D7%9C","https://www.youtube.com/watch?v=BRI1AkMA_oc"
"בכל שבוע קרנבל","קטגוריה:שירים מהיציע","https://wiki.red-fans.com/index.php?title=%D7%91%D7%9B%D7%9C_%D7%A9%D7%91%D7%95%D7%A2_%D7%A7%D7%A8%D7%A0%D7%91%D7%9C","https://www.youtube.com/watch?v=dTYk9PQ8NCs"
"בכל שבוע קרנבל","קטגוריה:שירים מהיציע","https://wiki.red-fans.com/index.php?title=%D7%91%D7%9B%D7%9C_%D7%A9%D7%91%D7%95%D7%A2_%D7%A7%D7%A8%D7%A0%D7%91%D7%9C","https://www.youtube.com/watch?v=MUliw5qHilg"
"בכל שבוע קרנבל","קטגוריה:שירים מהיציע","https://wiki.red-fans.com/index.php?title=%D7%91%D7%9B%D7%9C_%D7%A9%D7%91%D7%95%D7%A2_%D7%A7%D7%A8%D7%A0%D7%91%D7%9C","https://www.youtube.com/watch?v=tKJwvQfraY8"
"בכל שבוע קרנבל","קטגוריה:שירים מהיציע","https://wiki.red-fans.com/index.php?title=%D7%91%D7%9B%D7%9C_%D7%A9%D7%91%D7%95%D7%A2_%D7%A7%D7%A8%D7%A0%D7%91%D7%9C","https://www.youtube.com/watch?v=BB7LwFHKF8o"
"בכל שבוע קרנבל","קטגוריה:שירים מהיציע","https://wiki.red-fans.com/index.php?title=%D7%91%D7%9B%D7%9C_%D7%A9%D7%91%D7%95%D7%A2_%D7%A7%D7%A8%D7%A0%D7%91%D7%9C","https://www.youtube.com/watch?v=LLoYGcVDyYU"
"בניצחון בכישלון","קטגוריה:שירים מהיציע","https://wiki.red-fans.com/index.php?title=%D7%91%D7%A0%D7%99%D7%A6%D7%97%D7%95%D7%9F_%D7%91%D7%9B%D7%99%D7%A9%D7%9C%D7%95%D7%9F",""
"בניצחון בכשלון אני שלך","קטגוריה:שירים מהיציע","https://wiki.red-fans.com/index.php?title=%D7%91%D7%A0%D7%99%D7%A6%D7%97%D7%95%D7%9F_%D7%91%D7%9B%D7%A9%D7%9C%D7%95%D7%9F_%D7%90%D7%A0%D7%99_%D7%A9%D7%9C%D7%9A","https://www.youtube.com/watch?v=U6AOviMQoN0"
"ברגע שאני נכנס ליציע","קטגוריה:שירים מהיציע","https://wiki.red-fans.com/index.php?title=%D7%91%D7%A8%D7%92%D7%A2_%D7%A9%D7%90%D7%A0%D7%99_%D7%A0%D7%9B%D7%A0%D7%A1_%D7%9C%D7%99%D7%A6%D7%99%D7%A2",""
"ברוכים הבאים לגיהנום של האדומים","קטגוריה:שירים מהיציע","https://wiki.red-fans.com/index.php?title=%D7%91%D7%A8%D7%95%D7%9B%D7%99%D7%9D_%D7%94%D7%91%D7%90%D7%99%D7%9D_%D7%9C%D7%92%D7%99%D7%94%D7%A0%D7%95%D7%9D_%D7%A9%D7%9C_%D7%94%D7%90%D7%93%D7%95%D7%9E%D7%99%D7%9D","https://www.youtube.com/watch?v=LHcP4MWABGY"
"ברוכים הבאים לגיהנום של האדומים","קטגוריה:שירים מהיציע","https://wiki.red-fans.com/index.php?title=%D7%91%D7%A8%D7%95%D7%9B%D7%99%D7%9D_%D7%94%D7%91%D7%90%D7%99%D7%9D_%D7%9C%D7%92%D7%99%D7%94%D7%A0%D7%95%D7%9D_%D7%A9%D7%9C_%D7%94%D7%90%D7%93%D7%95%D7%9E%D7%99%D7%9D","https://www.youtube.com/watch?v=uGD6qnmw-2o"
"בתאונת מטוס קלה","קטגוריה:שירים מהיציע","https://wiki.red-fans.com/index.php?title=%D7%91%D7%AA%D7%90%D7%95%D7%A0%D7%AA_%D7%9E%D7%98%D7%95%D7%A1_%D7%A7%D7%9C%D7%94","https://www.youtube.com/watch?v=WaZZHweZwBI"
"בתאונת מטוס קלה","קטגוריה:שירים מהיציע","https://wiki.red-fans.com/index.php?title=%D7%91%D7%AA%D7%90%D7%95%D7%A0%D7%AA_%D7%9E%D7%98%D7%95%D7%A1_%D7%A7%D7%9C%D7%94","https://www.youtube.com/watch?v=eDWIQxsS4mc"
"בתאונת מטוס קלה","קטגוריה:שירים מהיציע","https://wiki.red-fans.com/index.php?title=%D7%91%D7%AA%D7%90%D7%95%D7%A0%D7%AA_%D7%9E%D7%98%D7%95%D7%A1_%D7%A7%D7%9C%D7%94","https://www.youtube.com/watch?v=nkHY_kxhC-0"
"גם אם תשחקי בשדה מוקשים","קטגוריה:שירים מהיציע","https://wiki.red-fans.com/index.php?title=%D7%92%D7%9D_%D7%90%D7%9D_%D7%AA%D7%A9%D7%97%D7%A7%D7%99_%D7%91%D7%A9%D7%93%D7%94_%D7%9E%D7%95%D7%A7%D7%A9%D7%99%D7%9D","https://www.youtube.com/watch?v=SzGr282fgAM"
"גם אם תשחקי בשדה מוקשים","קטגוריה:שירים מהיציע","https://wiki.red-fans.com/index.php?title=%D7%92%D7%9D_%D7%90%D7%9D_%D7%AA%D7%A9%D7%97%D7%A7%D7%99_%D7%91%D7%A9%D7%93%D7%94_%D7%9E%D7%95%D7%A7%D7%A9%D7%99%D7%9D","https://www.youtube.com/watch?v=y_0pr3O1mfA"
"גם אם תשחקי בשדה מוקשים","קטגוריה:שירים מהיציע","https://wiki.red-fans.com/index.php?title=%D7%92%D7%9D_%D7%90%D7%9D_%D7%AA%D7%A9%D7%97%D7%A7%D7%99_%D7%91%D7%A9%D7%93%D7%94_%D7%9E%D7%95%D7%A7%D7%A9%D7%99%D7%9D","https://www.youtube.com/watch?v=XZrB8DGgcM0"
"הגעתי שוב לקבל פניה","קטגוריה:שירים מהיציע","https://wiki.red-fans.com/index.php?title=%D7%94%D7%92%D7%A2%D7%AA%D7%99_%D7%A9%D7%95%D7%91_%D7%9C%D7%A7%D7%91%D7%9C_%D7%A4%D7%A0%D7%99%D7%94","https://www.youtube.com/watch?v=0m4Yc_HILH0"
"הגעתי שוב לקבל פניה","קטגוריה:שירים מהיציע","https://wiki.red-fans.com/index.php?title=%D7%94%D7%92%D7%A2%D7%AA%D7%99_%D7%A9%D7%95%D7%91_%D7%9C%D7%A7%D7%91%D7%9C_%D7%A4%D7%A0%D7%99%D7%94","https://www.youtube.com/watch?v=HdoTnidIoGE"
"החמישיה הפותחת של האוהדים","קטגוריה:שירים מהיציע","https://wiki.red-fans.com/index.php?title=%D7%94%D7%97%D7%9E%D7%99%D7%A9%D7%99%D7%94_%D7%94%D7%A4%D7%95%D7%AA%D7%97%D7%AA_%D7%A9%D7%9C_%D7%94%D7%90%D7%95%D7%94%D7%93%D7%99%D7%9D",""
"היידה הפועל","קטגוריה:שירים מהיציע","https://wiki.red-fans.com/index.php?title=%D7%94%D7%99%D7%99%D7%93%D7%94_%D7%94%D7%A4%D7%95%D7%A2%D7%9C",""
"היכן שלא תהיי תמיד","קטגוריה:שירים מהיציע","https://wiki.red-fans.com/index.php?title=%D7%94%D7%99%D7%9B%D7%9F_%D7%A9%D7%9C%D7%90_%D7%AA%D7%94%D7%99%D7%99_%D7%AA%D7%9E%D7%99%D7%93","https://www.youtube.com/watch?v=s6orjIaYOok"
"המורי הזקן","קטגוריה:שירים מהיציע","https://wiki.red-fans.com/index.php?title=%D7%94%D7%9E%D7%95%D7%A8%D7%99_%D7%94%D7%96%D7%A7%D7%9F","https://www.youtube.com/watch?v=TeCEFML_ssM"
"המורי הזקן","קטגוריה:שירים מהיציע","https://wiki.red-fans.com/index.php?title=%D7%94%D7%9E%D7%95%D7%A8%D7%99_%D7%94%D7%96%D7%A7%D7%9F","https://www.youtube.com/watch?v=tLJvcERQwOI"
"המורי הזקן","קטגוריה:שירים מהיציע","https://wiki.red-fans.com/index.php?title=%D7%94%D7%9E%D7%95%D7%A8%D7%99_%D7%94%D7%96%D7%A7%D7%9F","https://www.youtube.com/watch?v=g4vTJtD_D7g"
"המקל בתוף פוגע","קטגוריה:שירים מהיציע","https://wiki.red-fans.com/index.php?title=%D7%94%D7%9E%D7%A7%D7%9C_%D7%91%D7%AA%D7%95%D7%A3_%D7%A4%D7%95%D7%92%D7%A2","https://www.youtube.com/watch?v=t-PhGnkn_hU"
"המקל בתוף פוגע","קטגוריה:שירים מהיציע","https://wiki.red-fans.com/index.php?title=%D7%94%D7%9E%D7%A7%D7%9C_%D7%91%D7%AA%D7%95%D7%A3_%D7%A4%D7%95%D7%92%D7%A2","https://www.youtube.com/watch?v=FZqiXiDVvdc"
"המקל בתוף פוגע","קטגוריה:שירים מהיציע","https://wiki.red-fans.com/index.php?title=%D7%94%D7%9E%D7%A7%D7%9C_%D7%91%D7%AA%D7%95%D7%A3_%D7%A4%D7%95%D7%92%D7%A2","https://www.youtube.com/watch?v=tqXlr31xGJU"
"המקל בתוף פוגע","קטגוריה:שירים מהיציע","https://wiki.red-fans.com/index.php?title=%D7%94%D7%9E%D7%A7%D7%9C_%D7%91%D7%AA%D7%95%D7%A3_%D7%A4%D7%95%D7%92%D7%A2","https://www.youtube.com/watch?v=8axvu9aersQ"
"המקל בתוף פוגע","קטגוריה:שירים מהיציע","https://wiki.red-fans.com/index.php?title=%D7%94%D7%9E%D7%A7%D7%9C_%D7%91%D7%AA%D7%95%D7%A3_%D7%A4%D7%95%D7%92%D7%A2","https://www.youtube.com/watch?v=xUxC5d5QunE"
"העולם עוצר בנקודת המפגש","קטגוריה:שירים מהיציע","https://wiki.red-fans.com/index.php?title=%D7%94%D7%A2%D7%95%D7%9C%D7%9D_%D7%A2%D7%95%D7%A6%D7%A8_%D7%91%D7%A0%D7%A7%D7%95%D7%93%D7%AA_%D7%94%D7%9E%D7%A4%D7%92%D7%A9","https://www.youtube.com/watch?v=IqCuyUaG8Oo"
"העולם עוצר בנקודת המפגש","קטגוריה:שירים מהיציע","https://wiki.red-fans.com/index.php?title=%D7%94%D7%A2%D7%95%D7%9C%D7%9D_%D7%A2%D7%95%D7%A6%D7%A8_%D7%91%D7%A0%D7%A7%D7%95%D7%93%D7%AA_%D7%94%D7%9E%D7%A4%D7%92%D7%A9","https://www.youtube.com/watch?v=sOETuuVs9x8"
"העולם שלי תמיד נראה אחרת","קטגוריה:שירים מהיציע","https://wiki.red-fans.com/index.php?title=%D7%94%D7%A2%D7%95%D7%9C%D7%9D_%D7%A9%D7%9C%D7%99_%D7%AA%D7%9E%D7%99%D7%93_%D7%A0%D7%A8%D7%90%D7%94_%D7%90%D7%97%D7%A8%D7%AA","https://www.youtube.com/watch?v=UNd3nLSdXEo"
"העיר הזאת שלך","קטגוריה:שירים מהיציע","https://wiki.red-fans.com/index.php?title=%D7%94%D7%A2%D7%99%D7%A8_%D7%94%D7%96%D7%90%D7%AA_%D7%A9%D7%9C%D7%9A","https://www.youtube.com/watch?v=D2Zu1fkmpwg"
"הפועל אחרייך","קטגוריה:שירים מהיציע","https://wiki.red-fans.com/index.php?title=%D7%94%D7%A4%D7%95%D7%A2%D7%9C_%D7%90%D7%97%D7%A8%D7%99%D7%99%D7%9A","https://www.youtube.com/watch?v=IiSeMN-_jNw"
"הפועל אחרייך","קטגוריה:שירים מהיציע","https://wiki.red-fans.com/index.php?title=%D7%94%D7%A4%D7%95%D7%A2%D7%9C_%D7%90%D7%97%D7%A8%D7%99%D7%99%D7%9A","https://www.youtube.com/watch?v=zNn254_erzE"
"הפועל אחרייך","קטגוריה:שירים מהיציע","https://wiki.red-fans.com/index.php?title=%D7%94%D7%A4%D7%95%D7%A2%D7%9C_%D7%90%D7%97%D7%A8%D7%99%D7%99%D7%9A","https://www.youtube.com/watch?v=kmHQuPIgCCc"
"הפועל אחרייך","קטגוריה:שירים מהיציע","https://wiki.red-fans.com/index.php?title=%D7%94%D7%A4%D7%95%D7%A2%D7%9C_%D7%90%D7%97%D7%A8%D7%99%D7%99%D7%9A","https://www.youtube.com/watch?v=M-jRwzp7zWI"
"הפועל אחרייך","קטגוריה:שירים מהיציע","https://wiki.red-fans.com/index.php?title=%D7%94%D7%A4%D7%95%D7%A2%D7%9C_%D7%90%D7%97%D7%A8%D7%99%D7%99%D7%9A","https://www.youtube.com/watch?v=eMh8KEGnxUA"
"הפועל אחרייך","קטגוריה:שירים מהיציע","https://wiki.red-fans.com/index.php?title=%D7%94%D7%A4%D7%95%D7%A2%D7%9C_%D7%90%D7%97%D7%A8%D7%99%D7%99%D7%9A","https://www.youtube.com/watch?v=ZLJS8QFfs6U"
"הפועל אחרייך","קטגוריה:שירים מהיציע","https://wiki.red-fans.com/index.php?title=%D7%94%D7%A4%D7%95%D7%A2%D7%9C_%D7%90%D7%97%D7%A8%D7%99%D7%99%D7%9A","https://www.youtube.com/watch?v=bo5NxjbXKAg"
"הפועל אחרייך","קטגוריה:שירים מהיציע","https://wiki.red-fans.com/index.php?title=%D7%94%D7%A4%D7%95%D7%A2%D7%9C_%D7%90%D7%97%D7%A8%D7%99%D7%99%D7%9A","https://www.youtube.com/watch?v=i1Vxq7essKY"
"הפועל אחרייך","קטגוריה:שירים מהיציע","https://wiki.red-fans.com/index.php?title=%D7%94%D7%A4%D7%95%D7%A2%D7%9C_%D7%90%D7%97%D7%A8%D7%99%D7%99%D7%9A","https://www.youtube.com/watch?v=f8E_HkTbixQ"
"הפועל אחרייך","קטגוריה:שירים מהיציע","https://wiki.red-fans.com/index.php?title=%D7%94%D7%A4%D7%95%D7%A2%D7%9C_%D7%90%D7%97%D7%A8%D7%99%D7%99%D7%9A","https://www.youtube.com/watch?v=hT1hxiGZrV4"
"הפועל אחרייך","קטגוריה:שירים מהיציע","https://wiki.red-fans.com/index.php?title=%D7%94%D7%A4%D7%95%D7%A2%D7%9C_%D7%90%D7%97%D7%A8%D7%99%D7%99%D7%9A","https://www.youtube.com/watch?v=liTRIMHU9Ac"
"הפועל אחרייך","קטגוריה:שירים מהיציע","https://wiki.red-fans.com/index.php?title=%D7%94%D7%A4%D7%95%D7%A2%D7%9C_%D7%90%D7%97%D7%A8%D7%99%D7%99%D7%9A","https://www.youtube.com/watch?v=bKcv-D2YwP0"
"הפועל אני אמות אם צריך","קטגוריה:שירים מהיציע","https://wiki.red-fans.com/index.php?title=%D7%94%D7%A4%D7%95%D7%A2%D7%9C_%D7%90%D7%A0%D7%99_%D7%90%D7%9E%D7%95%D7%AA_%D7%90%D7%9D_%D7%A6%D7%A8%D7%99%D7%9A","https://www.youtube.com/watch?v=fY275qCUbKA"
"הפועל אני אמות אם צריך","קטגוריה:שירים מהיציע","https://wiki.red-fans.com/index.php?title=%D7%94%D7%A4%D7%95%D7%A2%D7%9C_%D7%90%D7%A0%D7%99_%D7%90%D7%9E%D7%95%D7%AA_%D7%90%D7%9D_%D7%A6%D7%A8%D7%99%D7%9A","https://www.youtube.com/watch?v=ixfvT4RYiAE"
"הפועל אני אמות אם צריך","קטגוריה:שירים מהיציע","https://wiki.red-fans.com/index.php?title=%D7%94%D7%A4%D7%95%D7%A2%D7%9C_%D7%90%D7%A0%D7%99_%D7%90%D7%9E%D7%95%D7%AA_%D7%90%D7%9D_%D7%A6%D7%A8%D7%99%D7%9A","https://www.youtube.com/watch?v=SD9H4QXh-hU"
"הפועל אני אמות אם צריך","קטגוריה:שירים מהיציע","https://wiki.red-fans.com/index.php?title=%D7%94%D7%A4%D7%95%D7%A2%D7%9C_%D7%90%D7%A0%D7%99_%D7%90%D7%9E%D7%95%D7%AA_%D7%90%D7%9D_%D7%A6%D7%A8%D7%99%D7%9A","https://www.youtube.com/watch?v=q41ohKkMLzQ"
"הפועל אני אמות אם צריך","קטגוריה:שירים מהיציע","https://wiki.red-fans.com/index.php?title=%D7%94%D7%A4%D7%95%D7%A2%D7%9C_%D7%90%D7%A0%D7%99_%D7%90%D7%9E%D7%95%D7%AA_%D7%90%D7%9D_%D7%A6%D7%A8%D7%99%D7%9A","https://www.youtube.com/watch?v=1LuM1izrMNY"
"הפועל אני אתן הכל בשבילך","קטגוריה:שירים מהיציע","https://wiki.red-fans.com/index.php?title=%D7%94%D7%A4%D7%95%D7%A2%D7%9C_%D7%90%D7%A0%D7%99_%D7%90%D7%AA%D7%9F_%D7%94%D7%9B%D7%9C_%D7%91%D7%A9%D7%91%D7%99%D7%9C%D7%9A","https://www.youtube.com/watch?v=szIx2hOiVWs"
"הפועל אני אתן הכל בשבילך","קטגוריה:שירים מהיציע","https://wiki.red-fans.com/index.php?title=%D7%94%D7%A4%D7%95%D7%A2%D7%9C_%D7%90%D7%A0%D7%99_%D7%90%D7%AA%D7%9F_%D7%94%D7%9B%D7%9C_%D7%91%D7%A9%D7%91%D7%99%D7%9C%D7%9A","https://www.youtube.com/watch?v=osQy00daOPY"
"הפועל אני אתן הכל בשבילך","קטגוריה:שירים מהיציע","https://wiki.red-fans.com/index.php?title=%D7%94%D7%A4%D7%95%D7%A2%D7%9C_%D7%90%D7%A0%D7%99_%D7%90%D7%AA%D7%9F_%D7%94%D7%9B%D7%9C_%D7%91%D7%A9%D7%91%D7%99%D7%9C%D7%9A","https://www.youtube.com/watch?v=Bp1JlettnwA"
"הפועל אני אתן הכל בשבילך","קטגוריה:שירים מהיציע","https://wiki.red-fans.com/index.php?title=%D7%94%D7%A4%D7%95%D7%A2%D7%9C_%D7%90%D7%A0%D7%99_%D7%90%D7%AA%D7%9F_%D7%94%D7%9B%D7%9C_%D7%91%D7%A9%D7%91%D7%99%D7%9C%D7%9A","https://www.youtube.com/watch?v=6RSzHEomg50"
"הפועל אני תמיד אוהב אותך","קטגוריה:שירים מהיציע","https://wiki.red-fans.com/index.php?title=%D7%94%D7%A4%D7%95%D7%A2%D7%9C_%D7%90%D7%A0%D7%99_%D7%AA%D7%9E%D7%99%D7%93_%D7%90%D7%95%D7%94%D7%91_%D7%90%D7%95%D7%AA%D7%9A","https://www.youtube.com/watch?v=qmKys2piuvA"
"הפועל אני תמיד אוהב אותך","קטגוריה:שירים מהיציע","https://wiki.red-fans.com/index.php?title=%D7%94%D7%A4%D7%95%D7%A2%D7%9C_%D7%90%D7%A0%D7%99_%D7%AA%D7%9E%D7%99%D7%93_%D7%90%D7%95%D7%94%D7%91_%D7%90%D7%95%D7%AA%D7%9A","https://www.youtube.com/watch?v=BPvTja1XMsU"
"הפועל אני תמיד אוהב אותך","קטגוריה:שירים מהיציע","https://wiki.red-fans.com/index.php?title=%D7%94%D7%A4%D7%95%D7%A2%D7%9C_%D7%90%D7%A0%D7%99_%D7%AA%D7%9E%D7%99%D7%93_%D7%90%D7%95%D7%94%D7%91_%D7%90%D7%95%D7%AA%D7%9A","https://www.youtube.com/watch?v=2WHSfD5ENa4"
"הפועל אני תמיד אוהב אותך","קטגוריה:שירים מהיציע","https://wiki.red-fans.com/index.php?title=%D7%94%D7%A4%D7%95%D7%A2%D7%9C_%D7%90%D7%A0%D7%99_%D7%AA%D7%9E%D7%99%D7%93_%D7%90%D7%95%D7%94%D7%91_%D7%90%D7%95%D7%AA%D7%9A","https://www.youtube.com/watch?v=SPYtKrUB0wA"
"הפועל אני תמיד אוהב אותך","קטגוריה:שירים מהיציע","https://wiki.red-fans.com/index.php?title=%D7%94%D7%A4%D7%95%D7%A2%D7%9C_%D7%90%D7%A0%D7%99_%D7%AA%D7%9E%D7%99%D7%93_%D7%90%D7%95%D7%94%D7%91_%D7%90%D7%95%D7%AA%D7%9A","https://www.youtube.com/watch?v=r-udrNZR7Ro"
"הפועל אני תמיד מאחורייך","קטגוריה:שירים מהיציע","https://wiki.red-fans.com/index.php?title=%D7%94%D7%A4%D7%95%D7%A2%D7%9C_%D7%90%D7%A0%D7%99_%D7%AA%D7%9E%D7%99%D7%93_%D7%9E%D7%90%D7%97%D7%95%D7%A8%D7%99%D7%99%D7%9A","https://www.youtube.com/watch?v=tBsK53txfMc"
"הפועל אני תמיד מאחורייך","קטגוריה:שירים מהיציע","https://wiki.red-fans.com/index.php?title=%D7%94%D7%A4%D7%95%D7%A2%D7%9C_%D7%90%D7%A0%D7%99_%D7%AA%D7%9E%D7%99%D7%93_%D7%9E%D7%90%D7%97%D7%95%D7%A8%D7%99%D7%99%D7%9A","https://www.youtube.com/watch?v=N8KEwiR1w7U"
"הפועל את היחידה","קטגוריה:שירים מהיציע","https://wiki.red-fans.com/index.php?title=%D7%94%D7%A4%D7%95%D7%A2%D7%9C_%D7%90%D7%AA_%D7%94%D7%99%D7%97%D7%99%D7%93%D7%94","https://www.youtube.com/watch?v=Ajc4NGSLAG0"
"הפועל היום יוצאים למלחמה","קטגוריה:שירים מהיציע","https://wiki.red-fans.com/index.php?title=%D7%94%D7%A4%D7%95%D7%A2%D7%9C_%D7%94%D7%99%D7%95%D7%9D_%D7%99%D7%95%D7%A6%D7%90%D7%99%D7%9D_%D7%9C%D7%9E%D7%9C%D7%97%D7%9E%D7%94","https://www.youtube.com/watch?v=SWbJOey1kSs"
"הפועל היום יוצאים למלחמה","קטגוריה:שירים מהיציע","https://wiki.red-fans.com/index.php?title=%D7%94%D7%A4%D7%95%D7%A2%D7%9C_%D7%94%D7%99%D7%95%D7%9D_%D7%99%D7%95%D7%A6%D7%90%D7%99%D7%9D_%D7%9C%D7%9E%D7%9C%D7%97%D7%9E%D7%94","https://www.youtube.com/watch?v=7UJ8Z5cDrbY"
"הפועל היום יוצאים למלחמה","קטגוריה:שירים מהיציע","https://wiki.red-fans.com/index.php?title=%D7%94%D7%A4%D7%95%D7%A2%D7%9C_%D7%94%D7%99%D7%95%D7%9D_%D7%99%D7%95%D7%A6%D7%90%D7%99%D7%9D_%D7%9C%D7%9E%D7%9C%D7%97%D7%9E%D7%94","https://www.youtube.com/watch?v=0f1SYMRTGvs"
"הפועל זה החיים (שיר)","קטגוריה:שירים מהיציע","https://wiki.red-fans.com/index.php?title=%D7%94%D7%A4%D7%95%D7%A2%D7%9C_%D7%96%D7%94_%D7%94%D7%97%D7%99%D7%99%D7%9D_%28%D7%A9%D7%99%D7%A8%29","https://www.youtube.com/watch?v=WI2NYRhlM30"
"הפועל זה החיים (שיר)","קטגוריה:שירים מהיציע","https://wiki.red-fans.com/index.php?title=%D7%94%D7%A4%D7%95%D7%A2%D7%9C_%D7%96%D7%94_%D7%94%D7%97%D7%99%D7%99%D7%9D_%28%D7%A9%D7%99%D7%A8%29","https://www.youtube.com/watch?v=ov346pfM3e0"
"הפועל זה החיים (שיר)","קטגוריה:שירים מהיציע","https://wiki.red-fans.com/index.php?title=%D7%94%D7%A4%D7%95%D7%A2%D7%9C_%D7%96%D7%94_%D7%94%D7%97%D7%99%D7%99%D7%9D_%28%D7%A9%D7%99%D7%A8%29","https://www.youtube.com/watch?v=RRJyoj47SPc"
"הפועל זה החיים (שיר)","קטגוריה:שירים מהיציע","https://wiki.red-fans.com/index.php?title=%D7%94%D7%A4%D7%95%D7%A2%D7%9C_%D7%96%D7%94_%D7%94%D7%97%D7%99%D7%99%D7%9D_%28%D7%A9%D7%99%D7%A8%29","https://www.youtube.com/watch?v=7keLXwFrp34"
"הפועל זה החיים (שיר)","קטגוריה:שירים מהיציע","https://wiki.red-fans.com/index.php?title=%D7%94%D7%A4%D7%95%D7%A2%D7%9C_%D7%96%D7%94_%D7%94%D7%97%D7%99%D7%99%D7%9D_%28%D7%A9%D7%99%D7%A8%29","https://www.youtube.com/watch?v=x3k8IVFGbtM"
"הפועל זה החיים (שיר)","קטגוריה:שירים מהיציע","https://wiki.red-fans.com/index.php?title=%D7%94%D7%A4%D7%95%D7%A2%D7%9C_%D7%96%D7%94_%D7%94%D7%97%D7%99%D7%99%D7%9D_%28%D7%A9%D7%99%D7%A8%29","https://www.youtube.com/watch?v=YFtGH3LfbaE"
"הפועל זה החיים (שיר)","קטגוריה:שירים מהיציע","https://wiki.red-fans.com/index.php?title=%D7%94%D7%A4%D7%95%D7%A2%D7%9C_%D7%96%D7%94_%D7%94%D7%97%D7%99%D7%99%D7%9D_%28%D7%A9%D7%99%D7%A8%29","https://www.youtube.com/watch?v=7pGKnC-_uq0"
"הפועל זו דת","קטגוריה:שירים מהיציע","https://wiki.red-fans.com/index.php?title=%D7%94%D7%A4%D7%95%D7%A2%D7%9C_%D7%96%D7%95_%D7%93%D7%AA","https://www.youtube.com/watch?v=kvDMlk3kSYg"
"הפועל זו דת","קטגוריה:שירים מהיציע","https://wiki.red-fans.com/index.php?title=%D7%94%D7%A4%D7%95%D7%A2%D7%9C_%D7%96%D7%95_%D7%93%D7%AA","https://www.youtube.com/watch?v=vQYVb_IG8WI"
"הפועל זו דת","קטגוריה:שירים מהיציע","https://wiki.red-fans.com/index.php?title=%D7%94%D7%A4%D7%95%D7%A2%D7%9C_%D7%96%D7%95_%D7%93%D7%AA","https://www.youtube.com/watch?v=8A7_WASy-_E"
"הפועל יאללה זה הזמן לקרב","קטגוריה:שירים מהיציע","https://wiki.red-fans.com/index.php?title=%D7%94%D7%A4%D7%95%D7%A2%D7%9C_%D7%99%D7%90%D7%9C%D7%9C%D7%94_%D7%96%D7%94_%D7%94%D7%96%D7%9E%D7%9F_%D7%9C%D7%A7%D7%A8%D7%91","https://www.youtube.com/watch?v=0zsKS3V82J0"
"הפועל יאללה זה הזמן לקרב","קטגוריה:שירים מהיציע","https://wiki.red-fans.com/index.php?title=%D7%94%D7%A4%D7%95%D7%A2%D7%9C_%D7%99%D7%90%D7%9C%D7%9C%D7%94_%D7%96%D7%94_%D7%94%D7%96%D7%9E%D7%9F_%D7%9C%D7%A7%D7%A8%D7%91","https://www.youtube.com/watch?v=AdCV_P8meFk"
"הפועל כמוך אין אף אחת","קטגוריה:שירים מהיציע","https://wiki.red-fans.com/index.php?title=%D7%94%D7%A4%D7%95%D7%A2%D7%9C_%D7%9B%D7%9E%D7%95%D7%9A_%D7%90%D7%99%D7%9F_%D7%90%D7%A3_%D7%90%D7%97%D7%AA","https://www.youtube.com/watch?v=GER396B6M7w"
"הפועל כמוך אין אף אחת","קטגוריה:שירים מהיציע","https://wiki.red-fans.com/index.php?title=%D7%94%D7%A4%D7%95%D7%A2%D7%9C_%D7%9B%D7%9E%D7%95%D7%9A_%D7%90%D7%99%D7%9F_%D7%90%D7%A3_%D7%90%D7%97%D7%AA","https://www.youtube.com/watch?v=ZxmPbjmwSVk"
"הפועל לכל מקום שתלכי","קטגוריה:שירים מהיציע","https://wiki.red-fans.com/index.php?title=%D7%94%D7%A4%D7%95%D7%A2%D7%9C_%D7%9C%D7%9B%D7%9C_%D7%9E%D7%A7%D7%95%D7%9D_%D7%A9%D7%AA%D7%9C%D7%9B%D7%99","https://www.youtube.com/watch?v=FJRfLp64sPE"
"הפועל לכל מקום שתלכי","קטגוריה:שירים מהיציע","https://wiki.red-fans.com/index.php?title=%D7%94%D7%A4%D7%95%D7%A2%D7%9C_%D7%9C%D7%9B%D7%9C_%D7%9E%D7%A7%D7%95%D7%9D_%D7%A9%D7%AA%D7%9C%D7%9B%D7%99","https://www.youtube.com/watch?v=tjyr91UIchE"
"הפועל לכל מקום שתלכי","קטגוריה:שירים מהיציע","https://wiki.red-fans.com/index.php?title=%D7%94%D7%A4%D7%95%D7%A2%D7%9C_%D7%9C%D7%9B%D7%9C_%D7%9E%D7%A7%D7%95%D7%9D_%D7%A9%D7%AA%D7%9C%D7%9B%D7%99","https://www.youtube.com/watch?v=Zge9ojQuPC8"
"הפועל לכל מקום שתלכי","קטגוריה:שירים מהיציע","https://wiki.red-fans.com/index.php?title=%D7%94%D7%A4%D7%95%D7%A2%D7%9C_%D7%9C%D7%9B%D7%9C_%D7%9E%D7%A7%D7%95%D7%9D_%D7%A9%D7%AA%D7%9C%D7%9B%D7%99","https://www.youtube.com/watch?v=mZf18-V6mfI"
"הפועל לכל מקום שתלכי","קטגוריה:שירים מהיציע","https://wiki.red-fans.com/index.php?title=%D7%94%D7%A4%D7%95%D7%A2%D7%9C_%D7%9C%D7%9B%D7%9C_%D7%9E%D7%A7%D7%95%D7%9D_%D7%A9%D7%AA%D7%9C%D7%9B%D7%99","https://www.youtube.com/watch?v=3eY6Sm9Icgg"
"הפועל מה את עושה לי","קטגוריה:שירים מהיציע","https://wiki.red-fans.com/index.php?title=%D7%94%D7%A4%D7%95%D7%A2%D7%9C_%D7%9E%D7%94_%D7%90%D7%AA_%D7%A2%D7%95%D7%A9%D7%94_%D7%9C%D7%99","https://www.youtube.com/watch?v=awwgoKgrrqk"
"הפועל מה את עושה לי","קטגוריה:שירים מהיציע","https://wiki.red-fans.com/index.php?title=%D7%94%D7%A4%D7%95%D7%A2%D7%9C_%D7%9E%D7%94_%D7%90%D7%AA_%D7%A2%D7%95%D7%A9%D7%94_%D7%9C%D7%99","https://www.youtube.com/watch?v=BuPd-BPuiu8"
"הפועל מה את עושה לי","קטגוריה:שירים מהיציע","https://wiki.red-fans.com/index.php?title=%D7%94%D7%A4%D7%95%D7%A2%D7%9C_%D7%9E%D7%94_%D7%90%D7%AA_%D7%A2%D7%95%D7%A9%D7%94_%D7%9C%D7%99","https://www.youtube.com/watch?v=UQCykGEdEsU"
"הפועל מספקת את המנת אדרנלין","קטגוריה:שירים מהיציע","https://wiki.red-fans.com/index.php?title=%D7%94%D7%A4%D7%95%D7%A2%D7%9C_%D7%9E%D7%A1%D7%A4%D7%A7%D7%AA_%D7%90%D7%AA_%D7%94%D7%9E%D7%A0%D7%AA_%D7%90%D7%93%D7%A8%D7%A0%D7%9C%D7%99%D7%9F","https://www.youtube.com/watch?v=XOHyfDNF2v0"
"הפועל מספקת את המנת אדרנלין","קטגוריה:שירים מהיציע","https://wiki.red-fans.com/index.php?title=%D7%94%D7%A4%D7%95%D7%A2%D7%9C_%D7%9E%D7%A1%D7%A4%D7%A7%D7%AA_%D7%90%D7%AA_%D7%94%D7%9E%D7%A0%D7%AA_%D7%90%D7%93%D7%A8%D7%A0%D7%9C%D7%99%D7%9F","https://www.youtube.com/watch?v=AsLYOolzEu4"
"הפועל עולה","קטגוריה:שירים מהיציע","https://wiki.red-fans.com/index.php?title=%D7%94%D7%A4%D7%95%D7%A2%D7%9C_%D7%A2%D7%95%D7%9C%D7%94","https://www.youtube.com/watch?v=c-aTdb7Bt6Q"
"הפועל עולה","קטגוריה:שירים מהיציע","https://wiki.red-fans.com/index.php?title=%D7%94%D7%A4%D7%95%D7%A2%D7%9C_%D7%A2%D7%95%D7%9C%D7%94","https://www.youtube.com/watch?v=VOCSXsMlp7s"
"הפועל עולה עולה או","קטגוריה:שירים מהיציע","https://wiki.red-fans.com/index.php?title=%D7%94%D7%A4%D7%95%D7%A2%D7%9C_%D7%A2%D7%95%D7%9C%D7%94_%D7%A2%D7%95%D7%9C%D7%94_%D7%90%D7%95","https://www.youtube.com/watch?v=Jv8x1LoN_Ds"
"הפועל עולה עולה או","קטגוריה:שירים מהיציע","https://wiki.red-fans.com/index.php?title=%D7%94%D7%A4%D7%95%D7%A2%D7%9C_%D7%A2%D7%95%D7%9C%D7%94_%D7%A2%D7%95%D7%9C%D7%94_%D7%90%D7%95","https://www.youtube.com/watch?v=xnL3BHXvj5I"
"הפועל עולה עולה או","קטגוריה:שירים מהיציע","https://wiki.red-fans.com/index.php?title=%D7%94%D7%A4%D7%95%D7%A2%D7%9C_%D7%A2%D7%95%D7%9C%D7%94_%D7%A2%D7%95%D7%9C%D7%94_%D7%90%D7%95","https://www.youtube.com/watch?v=0bNliTH80wY"
"הפועל צועד איתך קדימה","קטגוריה:שירים מהיציע","https://wiki.red-fans.com/index.php?title=%D7%94%D7%A4%D7%95%D7%A2%D7%9C_%D7%A6%D7%95%D7%A2%D7%93_%D7%90%D7%99%D7%AA%D7%9A_%D7%A7%D7%93%D7%99%D7%9E%D7%94","https://www.youtube.com/watch?v=HjszBNfXnko"
"הפועל שיגעת אותי","קטגוריה:שירים מהיציע","https://wiki.red-fans.com/index.php?title=%D7%94%D7%A4%D7%95%D7%A2%D7%9C_%D7%A9%D7%99%D7%92%D7%A2%D7%AA_%D7%90%D7%95%D7%AA%D7%99","https://www.youtube.com/watch?v=x9_R75LjnZg"
"הפועל שיגעת אותי","קטגוריה:שירים מהיציע","https://wiki.red-fans.com/index.php?title=%D7%94%D7%A4%D7%95%D7%A2%D7%9C_%D7%A9%D7%99%D7%92%D7%A2%D7%AA_%D7%90%D7%95%D7%AA%D7%99","https://www.youtube.com/watch?v=O6OperOcTYo"
"הפועל שיגעת אותי","קטגוריה:שירים מהיציע","https://wiki.red-fans.com/index.php?title=%D7%94%D7%A4%D7%95%D7%A2%D7%9C_%D7%A9%D7%99%D7%92%D7%A2%D7%AA_%D7%90%D7%95%D7%AA%D7%99","https://www.youtube.com/watch?v=CwjEwBW2CLw"
"הפועל שלי אני איתך לעולמים","קטגוריה:שירים מהיציע","https://wiki.red-fans.com/index.php?title=%D7%94%D7%A4%D7%95%D7%A2%D7%9C_%D7%A9%D7%9C%D7%99_%D7%90%D7%A0%D7%99_%D7%90%D7%99%D7%AA%D7%9A_%D7%9C%D7%A2%D7%95%D7%9C%D7%9E%D7%99%D7%9D","https://www.youtube.com/watch?v=UfaKy4b2_yg"
"הפועל ת""א עולה עולה","קטגוריה:שירים מהיציע","https://wiki.red-fans.com/index.php?title=%D7%94%D7%A4%D7%95%D7%A2%D7%9C_%D7%AA%22%D7%90_%D7%A2%D7%95%D7%9C%D7%94_%D7%A2%D7%95%D7%9C%D7%94","https://www.youtube.com/watch?v=0hcZiUqM-sI"
"הפועל תל אביב אנחנו","קטגוריה:שירים מהיציע","https://wiki.red-fans.com/index.php?title=%D7%94%D7%A4%D7%95%D7%A2%D7%9C_%D7%AA%D7%9C_%D7%90%D7%91%D7%99%D7%91_%D7%90%D7%A0%D7%97%D7%A0%D7%95",""
"הפועל תראי מה קרה לי","קטגוריה:שירים מהיציע","https://wiki.red-fans.com/index.php?title=%D7%94%D7%A4%D7%95%D7%A2%D7%9C_%D7%AA%D7%A8%D7%90%D7%99_%D7%9E%D7%94_%D7%A7%D7%A8%D7%94_%D7%9C%D7%99","https://www.youtube.com/watch?v=y58sNQCvS58"
"הפועל תראי מה קרה לי","קטגוריה:שירים מהיציע","https://wiki.red-fans.com/index.php?title=%D7%94%D7%A4%D7%95%D7%A2%D7%9C_%D7%AA%D7%A8%D7%90%D7%99_%D7%9E%D7%94_%D7%A7%D7%A8%D7%94_%D7%9C%D7%99","https://www.youtube.com/watch?v=0nlYT3XRcPM"
"הפועל תראי מה קרה לי","קטגוריה:שירים מהיציע","https://wiki.red-fans.com/index.php?title=%D7%94%D7%A4%D7%95%D7%A2%D7%9C_%D7%AA%D7%A8%D7%90%D7%99_%D7%9E%D7%94_%D7%A7%D7%A8%D7%94_%D7%9C%D7%99","https://www.youtube.com/watch?v=AjTTmmjJw7Y"
"הפועל תראי מה קרה לי","קטגוריה:שירים מהיציע","https://wiki.red-fans.com/index.php?title=%D7%94%D7%A4%D7%95%D7%A2%D7%9C_%D7%AA%D7%A8%D7%90%D7%99_%D7%9E%D7%94_%D7%A7%D7%A8%D7%94_%D7%9C%D7%99","https://www.youtube.com/watch?v=moJqDor_gDo"
"הפועל תראי מה קרה לי","קטגוריה:שירים מהיציע","https://wiki.red-fans.com/index.php?title=%D7%94%D7%A4%D7%95%D7%A2%D7%9C_%D7%AA%D7%A8%D7%90%D7%99_%D7%9E%D7%94_%D7%A7%D7%A8%D7%94_%D7%9C%D7%99","https://www.youtube.com/watch?v=EJH4MHUTvF0"
"הפועל, תקשיבו לנו","קטגוריה:שירים מהיציע","https://wiki.red-fans.com/index.php?title=%D7%94%D7%A4%D7%95%D7%A2%D7%9C%2C_%D7%AA%D7%A7%D7%A9%D7%99%D7%91%D7%95_%D7%9C%D7%A0%D7%95","https://www.youtube.com/watch?v=MNAGFfgcXaY"
"הפועל, תקשיבו לנו","קטגוריה:שירים מהיציע","https://wiki.red-fans.com/index.php?title=%D7%94%D7%A4%D7%95%D7%A2%D7%9C%2C_%D7%AA%D7%A7%D7%A9%D7%99%D7%91%D7%95_%D7%9C%D7%A0%D7%95","https://www.youtube.com/watch?v=2NYqNoKKN3w"
"הפועל, תקשיבו לנו","קטגוריה:שירים מהיציע","https://wiki.red-fans.com/index.php?title=%D7%94%D7%A4%D7%95%D7%A2%D7%9C%2C_%D7%AA%D7%A7%D7%A9%D7%99%D7%91%D7%95_%D7%9C%D7%A0%D7%95","https://www.youtube.com/watch?v=HlEs9rIoOig"
"הפועל, תקשיבו לנו","קטגוריה:שירים מהיציע","https://wiki.red-fans.com/index.php?title=%D7%94%D7%A4%D7%95%D7%A2%D7%9C%2C_%D7%AA%D7%A7%D7%A9%D7%99%D7%91%D7%95_%D7%9C%D7%A0%D7%95","https://www.youtube.com/watch?v=Y0I-DGbRsUs"
"הפסיכיאטר כבר מזמן ויתר","קטגוריה:שירים מהיציע","https://wiki.red-fans.com/index.php?title=%D7%94%D7%A4%D7%A1%D7%99%D7%9B%D7%99%D7%90%D7%98%D7%A8_%D7%9B%D7%91%D7%A8_%D7%9E%D7%96%D7%9E%D7%9F_%D7%95%D7%99%D7%AA%D7%A8","https://www.youtube.com/watch?v=K7eSOFHExOw"
"הפסיכיאטר כבר מזמן ויתר","קטגוריה:שירים מהיציע","https://wiki.red-fans.com/index.php?title=%D7%94%D7%A4%D7%A1%D7%99%D7%9B%D7%99%D7%90%D7%98%D7%A8_%D7%9B%D7%91%D7%A8_%D7%9E%D7%96%D7%9E%D7%9F_%D7%95%D7%99%D7%AA%D7%A8","https://www.youtube.com/watch?v=PJ_bzSSL6ow"
"הפסיכיאטר כבר מזמן ויתר","קטגוריה:שירים מהיציע","https://wiki.red-fans.com/index.php?title=%D7%94%D7%A4%D7%A1%D7%99%D7%9B%D7%99%D7%90%D7%98%D7%A8_%D7%9B%D7%91%D7%A8_%D7%9E%D7%96%D7%9E%D7%9F_%D7%95%D7%99%D7%AA%D7%A8","https://www.youtube.com/watch?v=5DI6ys8uwiQ"
"הפרח בגני","קטגוריה:שירים מהיציע","https://wiki.red-fans.com/index.php?title=%D7%94%D7%A4%D7%A8%D7%97_%D7%91%D7%92%D7%A0%D7%99","https://www.youtube.com/watch?v=vcpgpEUlKfk"
"הפרח בגני","קטגוריה:שירים מהיציע","https://wiki.red-fans.com/index.php?title=%D7%94%D7%A4%D7%A8%D7%97_%D7%91%D7%92%D7%A0%D7%99","https://www.youtube.com/watch?v=U_dlCoGMdx8"
"הפרח בגני","קטגוריה:שירים מהיציע","https://wiki.red-fans.com/index.php?title=%D7%94%D7%A4%D7%A8%D7%97_%D7%91%D7%92%D7%A0%D7%99","https://www.youtube.com/watch?v=-8ro-c4NHEY"
"הפרח בגני","קטגוריה:שירים מהיציע","https://wiki.red-fans.com/index.php?title=%D7%94%D7%A4%D7%A8%D7%97_%D7%91%D7%92%D7%A0%D7%99","https://www.youtube.com/watch?v=XJ4S72LG7Ns"
"הפרח בגני","קטגוריה:שירים מהיציע","https://wiki.red-fans.com/index.php?title=%D7%94%D7%A4%D7%A8%D7%97_%D7%91%D7%92%D7%A0%D7%99","https://www.youtube.com/watch?v=2EWsy9ZkV28"
"הקבוצה שלי הפועל","קטגוריה:שירים מהיציע","https://wiki.red-fans.com/index.php?title=%D7%94%D7%A7%D7%91%D7%95%D7%A6%D7%94_%D7%A9%D7%9C%D7%99_%D7%94%D7%A4%D7%95%D7%A2%D7%9C","https://www.youtube.com/watch?v=ZmIENA6qhjE"
"הקבוצה שלי הפועל","קטגוריה:שירים מהיציע","https://wiki.red-fans.com/index.php?title=%D7%94%D7%A7%D7%91%D7%95%D7%A6%D7%94_%D7%A9%D7%9C%D7%99_%D7%94%D7%A4%D7%95%D7%A2%D7%9C","https://www.youtube.com/watch?v=D5GKh32AA3I"
"השדים האדומים אני אתכם לעולמים","קטגוריה:שירים מהיציע","https://wiki.red-fans.com/index.php?title=%D7%94%D7%A9%D7%93%D7%99%D7%9D_%D7%94%D7%90%D7%93%D7%95%D7%9E%D7%99%D7%9D_%D7%90%D7%A0%D7%99_%D7%90%D7%AA%D7%9B%D7%9D_%D7%9C%D7%A2%D7%95%D7%9C%D7%9E%D7%99%D7%9D","https://www.youtube.com/watch?v=lKCrPOjmef8"
"השיר הזה לך אדון שוטר","קטגוריה:שירים מהיציע","https://wiki.red-fans.com/index.php?title=%D7%94%D7%A9%D7%99%D7%A8_%D7%94%D7%96%D7%94_%D7%9C%D7%9A_%D7%90%D7%93%D7%95%D7%9F_%D7%A9%D7%95%D7%98%D7%A8",""
"התאהבתי בך הפועל כבר מזמן","קטגוריה:שירים מהיציע","https://wiki.red-fans.com/index.php?title=%D7%94%D7%AA%D7%90%D7%94%D7%91%D7%AA%D7%99_%D7%91%D7%9A_%D7%94%D7%A4%D7%95%D7%A2%D7%9C_%D7%9B%D7%91%D7%A8_%D7%9E%D7%96%D7%9E%D7%9F","https://www.youtube.com/watch?v=wqx7yPQsqjE"
"התאהבתי בך הפועל כבר מזמן","קטגוריה:שירים מהיציע","https://wiki.red-fans.com/index.php?title=%D7%94%D7%AA%D7%90%D7%94%D7%91%D7%AA%D7%99_%D7%91%D7%9A_%D7%94%D7%A4%D7%95%D7%A2%D7%9C_%D7%9B%D7%91%D7%A8_%D7%9E%D7%96%D7%9E%D7%9F","https://www.youtube.com/watch?v=QVls-wR3oxE"
"התאהבתי בך הפועל כבר מזמן","קטגוריה:שירים מהיציע","https://wiki.red-fans.com/index.php?title=%D7%94%D7%AA%D7%90%D7%94%D7%91%D7%AA%D7%99_%D7%91%D7%9A_%D7%94%D7%A4%D7%95%D7%A2%D7%9C_%D7%9B%D7%91%D7%A8_%D7%9E%D7%96%D7%9E%D7%9F","https://www.youtube.com/watch?v=ID0ry7-L6Nc"
"התאהבתי בך הפועל כבר מזמן","קטגוריה:שירים מהיציע","https://wiki.red-fans.com/index.php?title=%D7%94%D7%AA%D7%90%D7%94%D7%91%D7%AA%D7%99_%D7%91%D7%9A_%D7%94%D7%A4%D7%95%D7%A2%D7%9C_%D7%9B%D7%91%D7%A8_%D7%9E%D7%96%D7%9E%D7%9F","https://www.youtube.com/watch?v=zbCzE59Zewc"
"התקוה","קטגוריה:שירים מהיציע","https://wiki.red-fans.com/index.php?title=%D7%94%D7%AA%D7%A7%D7%95%D7%94","https://www.youtube.com/watch?v=WwcdU5jpzXI"
"ויוה הפועל","קטגוריה:שירים מהיציע","https://wiki.red-fans.com/index.php?title=%D7%95%D7%99%D7%95%D7%94_%D7%94%D7%A4%D7%95%D7%A2%D7%9C","https://www.youtube.com/watch?v=99NgfUpS4rk"
"ויוה הפועל","קטגוריה:שירים מהיציע","https://wiki.red-fans.com/index.php?title=%D7%95%D7%99%D7%95%D7%94_%D7%94%D7%A4%D7%95%D7%A2%D7%9C","https://www.youtube.com/watch?v=2SGrnMLWYxY"
"זיכרון ישן","קטגוריה:שירים מהיציע","https://wiki.red-fans.com/index.php?title=%D7%96%D7%99%D7%9B%D7%A8%D7%95%D7%9F_%D7%99%D7%A9%D7%9F","https://www.youtube.com/watch?v=zRIn7W-kXhs"
"זיכרון ישן","קטגוריה:שירים מהיציע","https://wiki.red-fans.com/index.php?title=%D7%96%D7%99%D7%9B%D7%A8%D7%95%D7%9F_%D7%99%D7%A9%D7%9F","https://www.youtube.com/watch?v=s4aLIBf9Jp4"
"חוץ ממך אין עוד אחרת","קטגוריה:שירים מהיציע","https://wiki.red-fans.com/index.php?title=%D7%97%D7%95%D7%A5_%D7%9E%D7%9E%D7%9A_%D7%90%D7%99%D7%9F_%D7%A2%D7%95%D7%93_%D7%90%D7%97%D7%A8%D7%AA","https://www.youtube.com/watch?v=dgTraS02Zyc"
"חוץ ממך אין עוד אחרת","קטגוריה:שירים מהיציע","https://wiki.red-fans.com/index.php?title=%D7%97%D7%95%D7%A5_%D7%9E%D7%9E%D7%9A_%D7%90%D7%99%D7%9F_%D7%A2%D7%95%D7%93_%D7%90%D7%97%D7%A8%D7%AA","https://www.youtube.com/watch?v=FuU891WpfdI"
"יאללה הפועל - עד המוות","קטגוריה:שירים מהיציע","https://wiki.red-fans.com/index.php?title=%D7%99%D7%90%D7%9C%D7%9C%D7%94_%D7%94%D7%A4%D7%95%D7%A2%D7%9C_-_%D7%A2%D7%93_%D7%94%D7%9E%D7%95%D7%95%D7%AA","https://www.youtube.com/watch?v=_3dmm4jpvr0"
"יאללה הפועל - עד המוות","קטגוריה:שירים מהיציע","https://wiki.red-fans.com/index.php?title=%D7%99%D7%90%D7%9C%D7%9C%D7%94_%D7%94%D7%A4%D7%95%D7%A2%D7%9C_-_%D7%A2%D7%93_%D7%94%D7%9E%D7%95%D7%95%D7%AA","https://www.youtube.com/watch?v=9_zs0QV1sAQ"
"יאללה הפועל - עד המוות","קטגוריה:שירים מהיציע","https://wiki.red-fans.com/index.php?title=%D7%99%D7%90%D7%9C%D7%9C%D7%94_%D7%94%D7%A4%D7%95%D7%A2%D7%9C_-_%D7%A2%D7%93_%D7%94%D7%9E%D7%95%D7%95%D7%AA","https://www.youtube.com/watch?v=s9DTi30yTr4"
"יאללה הפועל - עד המוות","קטגוריה:שירים מהיציע","https://wiki.red-fans.com/index.php?title=%D7%99%D7%90%D7%9C%D7%9C%D7%94_%D7%94%D7%A4%D7%95%D7%A2%D7%9C_-_%D7%A2%D7%93_%D7%94%D7%9E%D7%95%D7%95%D7%AA","https://www.youtube.com/watch?v=6y-GjuNlpyw"
"יאללה הפועל היום שורפים ת'דשא","קטגוריה:שירים מהיציע","https://wiki.red-fans.com/index.php?title=%D7%99%D7%90%D7%9C%D7%9C%D7%94_%D7%94%D7%A4%D7%95%D7%A2%D7%9C_%D7%94%D7%99%D7%95%D7%9D_%D7%A9%D7%95%D7%A8%D7%A4%D7%99%D7%9D_%D7%AA%27%D7%93%D7%A9%D7%90","https://www.youtube.com/watch?v=aClOgkw7dJA"
"יאללה הפועל לתת ת'לב והנשמה","קטגוריה:שירים מהיציע","https://wiki.red-fans.com/index.php?title=%D7%99%D7%90%D7%9C%D7%9C%D7%94_%D7%94%D7%A4%D7%95%D7%A2%D7%9C_%D7%9C%D7%AA%D7%AA_%D7%AA%27%D7%9C%D7%91_%D7%95%D7%94%D7%A0%D7%A9%D7%9E%D7%94","https://www.youtube.com/watch?v=GNRLef8TSIg"
"יאללה הפועל לתת ת'לב והנשמה","קטגוריה:שירים מהיציע","https://wiki.red-fans.com/index.php?title=%D7%99%D7%90%D7%9C%D7%9C%D7%94_%D7%94%D7%A4%D7%95%D7%A2%D7%9C_%D7%9C%D7%AA%D7%AA_%D7%AA%27%D7%9C%D7%91_%D7%95%D7%94%D7%A0%D7%A9%D7%9E%D7%94","https://www.youtube.com/watch?v=2tXvu43831s"
"יאללה הפועל שלי","קטגוריה:שירים מהיציע","https://wiki.red-fans.com/index.php?title=%D7%99%D7%90%D7%9C%D7%9C%D7%94_%D7%94%D7%A4%D7%95%D7%A2%D7%9C_%D7%A9%D7%9C%D7%99","https://www.youtube.com/watch?v=244y56-vLWE"
"יאללה הפועל שלי","קטגוריה:שירים מהיציע","https://wiki.red-fans.com/index.php?title=%D7%99%D7%90%D7%9C%D7%9C%D7%94_%D7%94%D7%A4%D7%95%D7%A2%D7%9C_%D7%A9%D7%9C%D7%99","https://www.youtube.com/watch?v=7oAfpgITApw"
"יאללה הפועל שלי","קטגוריה:שירים מהיציע","https://wiki.red-fans.com/index.php?title=%D7%99%D7%90%D7%9C%D7%9C%D7%94_%D7%94%D7%A4%D7%95%D7%A2%D7%9C_%D7%A9%D7%9C%D7%99","https://www.youtube.com/watch?v=PPhxJW4my-s"
"יאללה הפועל שלי","קטגוריה:שירים מהיציע","https://wiki.red-fans.com/index.php?title=%D7%99%D7%90%D7%9C%D7%9C%D7%94_%D7%94%D7%A4%D7%95%D7%A2%D7%9C_%D7%A9%D7%9C%D7%99","https://www.youtube.com/watch?v=icCl0hEkUyQ"
"יאללה הפועל שלי","קטגוריה:שירים מהיציע","https://wiki.red-fans.com/index.php?title=%D7%99%D7%90%D7%9C%D7%9C%D7%94_%D7%94%D7%A4%D7%95%D7%A2%D7%9C_%D7%A9%D7%9C%D7%99","https://www.youtube.com/watch?v=AMptAfOy2aI"
"יאללה הפועל שלי","קטגוריה:שירים מהיציע","https://wiki.red-fans.com/index.php?title=%D7%99%D7%90%D7%9C%D7%9C%D7%94_%D7%94%D7%A4%D7%95%D7%A2%D7%9C_%D7%A9%D7%9C%D7%99","https://www.youtube.com/watch?v=AqXi7c7Lu30"
"יאללה הפועל! הפועל אימפריה!","קטגוריה:שירים מהיציע","https://wiki.red-fans.com/index.php?title=%D7%99%D7%90%D7%9C%D7%9C%D7%94_%D7%94%D7%A4%D7%95%D7%A2%D7%9C%21_%D7%94%D7%A4%D7%95%D7%A2%D7%9C_%D7%90%D7%99%D7%9E%D7%A4%D7%A8%D7%99%D7%94%21","https://www.youtube.com/watch?v=V6YTSqMTZxI"
"יאללה הפועל! הפועל אימפריה!","קטגוריה:שירים מהיציע","https://wiki.red-fans.com/index.php?title=%D7%99%D7%90%D7%9C%D7%9C%D7%94_%D7%94%D7%A4%D7%95%D7%A2%D7%9C%21_%D7%94%D7%A4%D7%95%D7%A2%D7%9C_%D7%90%D7%99%D7%9E%D7%A4%D7%A8%D7%99%D7%94%21","https://www.youtube.com/watch?v=4Svd3dJful8"
"יאללה הפועל! הפועל אימפריה!","קטגוריה:שירים מהיציע","https://wiki.red-fans.com/index.php?title=%D7%99%D7%90%D7%9C%D7%9C%D7%94_%D7%94%D7%A4%D7%95%D7%A2%D7%9C%21_%D7%94%D7%A4%D7%95%D7%A2%D7%9C_%D7%90%D7%99%D7%9E%D7%A4%D7%A8%D7%99%D7%94%21","https://www.youtube.com/watch?v=3z6F3RSS5Tc"
"יאללה הפועל! הפועל אימפריה!","קטגוריה:שירים מהיציע","https://wiki.red-fans.com/index.php?title=%D7%99%D7%90%D7%9C%D7%9C%D7%94_%D7%94%D7%A4%D7%95%D7%A2%D7%9C%21_%D7%94%D7%A4%D7%95%D7%A2%D7%9C_%D7%90%D7%99%D7%9E%D7%A4%D7%A8%D7%99%D7%94%21","https://www.youtube.com/watch?v=KwwGkLEUZ4g"
"יאללה הפועל! הפועל אימפריה!","קטגוריה:שירים מהיציע","https://wiki.red-fans.com/index.php?title=%D7%99%D7%90%D7%9C%D7%9C%D7%94_%D7%94%D7%A4%D7%95%D7%A2%D7%9C%21_%D7%94%D7%A4%D7%95%D7%A2%D7%9C_%D7%90%D7%99%D7%9E%D7%A4%D7%A8%D7%99%D7%94%21","https://www.youtube.com/watch?v=5fdUlyxWfAc"
"יאללה הפועל! הפועל אימפריה!","קטגוריה:שירים מהיציע","https://wiki.red-fans.com/index.php?title=%D7%99%D7%90%D7%9C%D7%9C%D7%94_%D7%94%D7%A4%D7%95%D7%A2%D7%9C%21_%D7%94%D7%A4%D7%95%D7%A2%D7%9C_%D7%90%D7%99%D7%9E%D7%A4%D7%A8%D7%99%D7%94%21","https://www.youtube.com/watch?v=_NSJlb9hMRo"
"יאללה הפועל! הפועל אימפריה!","קטגוריה:שירים מהיציע","https://wiki.red-fans.com/index.php?title=%D7%99%D7%90%D7%9C%D7%9C%D7%94_%D7%94%D7%A4%D7%95%D7%A2%D7%9C%21_%D7%94%D7%A4%D7%95%D7%A2%D7%9C_%D7%90%D7%99%D7%9E%D7%A4%D7%A8%D7%99%D7%94%21","https://www.youtube.com/watch?v=sm7p75KPx8g"
"יאללה הפועל! הפועל אימפריה!","קטגוריה:שירים מהיציע","https://wiki.red-fans.com/index.php?title=%D7%99%D7%90%D7%9C%D7%9C%D7%94_%D7%94%D7%A4%D7%95%D7%A2%D7%9C%21_%D7%94%D7%A4%D7%95%D7%A2%D7%9C_%D7%90%D7%99%D7%9E%D7%A4%D7%A8%D7%99%D7%94%21","https://www.youtube.com/watch?v=U-nWRw09TJY"
"יאללה הפועל! הפועל אימפריה!","קטגוריה:שירים מהיציע","https://wiki.red-fans.com/index.php?title=%D7%99%D7%90%D7%9C%D7%9C%D7%94_%D7%94%D7%A4%D7%95%D7%A2%D7%9C%21_%D7%94%D7%A4%D7%95%D7%A2%D7%9C_%D7%90%D7%99%D7%9E%D7%A4%D7%A8%D7%99%D7%94%21","https://www.youtube.com/watch?v=OUJlpO2iuCU"
"יאללה הפועל! הפועל אימפריה!","קטגוריה:שירים מהיציע","https://wiki.red-fans.com/index.php?title=%D7%99%D7%90%D7%9C%D7%9C%D7%94_%D7%94%D7%A4%D7%95%D7%A2%D7%9C%21_%D7%94%D7%A4%D7%95%D7%A2%D7%9C_%D7%90%D7%99%D7%9E%D7%A4%D7%A8%D7%99%D7%94%21","https://www.youtube.com/watch?v=YGogrKmxNv8"
"יאללה הפועל! הפועל אימפריה!","קטגוריה:שירים מהיציע","https://wiki.red-fans.com/index.php?title=%D7%99%D7%90%D7%9C%D7%9C%D7%94_%D7%94%D7%A4%D7%95%D7%A2%D7%9C%21_%D7%94%D7%A4%D7%95%D7%A2%D7%9C_%D7%90%D7%99%D7%9E%D7%A4%D7%A8%D7%99%D7%94%21","https://www.youtube.com/watch?v=Xua6SY3YMqU"
"יאללה הפועל! הפועל אימפריה!","קטגוריה:שירים מהיציע","https://wiki.red-fans.com/index.php?title=%D7%99%D7%90%D7%9C%D7%9C%D7%94_%D7%94%D7%A4%D7%95%D7%A2%D7%9C%21_%D7%94%D7%A4%D7%95%D7%A2%D7%9C_%D7%90%D7%99%D7%9E%D7%A4%D7%A8%D7%99%D7%94%21","https://www.youtube.com/watch?v=tlWPKA3drqM"
"יאללה הפועל! הפועל אימפריה!","קטגוריה:שירים מהיציע","https://wiki.red-fans.com/index.php?title=%D7%99%D7%90%D7%9C%D7%9C%D7%94_%D7%94%D7%A4%D7%95%D7%A2%D7%9C%21_%D7%94%D7%A4%D7%95%D7%A2%D7%9C_%D7%90%D7%99%D7%9E%D7%A4%D7%A8%D7%99%D7%94%21","https://www.youtube.com/watch?v=17p-fSB29E4"
"יאללה הפועל! הפועל אימפריה!","קטגוריה:שירים מהיציע","https://wiki.red-fans.com/index.php?title=%D7%99%D7%90%D7%9C%D7%9C%D7%94_%D7%94%D7%A4%D7%95%D7%A2%D7%9C%21_%D7%94%D7%A4%D7%95%D7%A2%D7%9C_%D7%90%D7%99%D7%9E%D7%A4%D7%A8%D7%99%D7%94%21","https://www.youtube.com/watch?v=D2W8eDMknbs"
"יאללה הפועל! הפועל אימפריה!","קטגוריה:שירים מהיציע","https://wiki.red-fans.com/index.php?title=%D7%99%D7%90%D7%9C%D7%9C%D7%94_%D7%94%D7%A4%D7%95%D7%A2%D7%9C%21_%D7%94%D7%A4%D7%95%D7%A2%D7%9C_%D7%90%D7%99%D7%9E%D7%A4%D7%A8%D7%99%D7%94%21","https://www.youtube.com/watch?v=yGnWOZkt2Po"
"יאללה הפועל! הפועל אימפריה!","קטגוריה:שירים מהיציע","https://wiki.red-fans.com/index.php?title=%D7%99%D7%90%D7%9C%D7%9C%D7%94_%D7%94%D7%A4%D7%95%D7%A2%D7%9C%21_%D7%94%D7%A4%D7%95%D7%A2%D7%9C_%D7%90%D7%99%D7%9E%D7%A4%D7%A8%D7%99%D7%94%21","https://www.youtube.com/watch?v=YdNDOMxth-8"
"יאללה הפועל! הפועל אימפריה!","קטגוריה:שירים מהיציע","https://wiki.red-fans.com/index.php?title=%D7%99%D7%90%D7%9C%D7%9C%D7%94_%D7%94%D7%A4%D7%95%D7%A2%D7%9C%21_%D7%94%D7%A4%D7%95%D7%A2%D7%9C_%D7%90%D7%99%D7%9E%D7%A4%D7%A8%D7%99%D7%94%21","https://www.youtube.com/watch?v=FnDSY6VjEI8"
"יאללה הפועל! הפועל אימפריה!","קטגוריה:שירים מהיציע","https://wiki.red-fans.com/index.php?title=%D7%99%D7%90%D7%9C%D7%9C%D7%94_%D7%94%D7%A4%D7%95%D7%A2%D7%9C%21_%D7%94%D7%A4%D7%95%D7%A2%D7%9C_%D7%90%D7%99%D7%9E%D7%A4%D7%A8%D7%99%D7%94%21","https://www.youtube.com/watch?v=ATFtBLwKRRI"
"יאללה יאללה הפועל - כולם עכשיו לקפוץ","קטגוריה:שירים מהיציע","https://wiki.red-fans.com/index.php?title=%D7%99%D7%90%D7%9C%D7%9C%D7%94_%D7%99%D7%90%D7%9C%D7%9C%D7%94_%D7%94%D7%A4%D7%95%D7%A2%D7%9C_-_%D7%9B%D7%95%D7%9C%D7%9D_%D7%A2%D7%9B%D7%A9%D7%99%D7%95_%D7%9C%D7%A7%D7%A4%D7%95%D7%A5","https://www.youtube.com/watch?v=Ry9ijNhIw-w"
"יאללה יאללה הפועל - כולם עכשיו לקפוץ","קטגוריה:שירים מהיציע","https://wiki.red-fans.com/index.php?title=%D7%99%D7%90%D7%9C%D7%9C%D7%94_%D7%99%D7%90%D7%9C%D7%9C%D7%94_%D7%94%D7%A4%D7%95%D7%A2%D7%9C_-_%D7%9B%D7%95%D7%9C%D7%9D_%D7%A2%D7%9B%D7%A9%D7%99%D7%95_%D7%9C%D7%A7%D7%A4%D7%95%D7%A5","https://www.youtube.com/watch?v=YVJxlS7dBAI"
"יאללה יאללה כפיים","קטגוריה:שירים מהיציע","https://wiki.red-fans.com/index.php?title=%D7%99%D7%90%D7%9C%D7%9C%D7%94_%D7%99%D7%90%D7%9C%D7%9C%D7%94_%D7%9B%D7%A4%D7%99%D7%99%D7%9D","https://www.youtube.com/watch?v=dJCDz90wnyk"
"יאללה יאללה כפיים","קטגוריה:שירים מהיציע","https://wiki.red-fans.com/index.php?title=%D7%99%D7%90%D7%9C%D7%9C%D7%94_%D7%99%D7%90%D7%9C%D7%9C%D7%94_%D7%9B%D7%A4%D7%99%D7%99%D7%9D","https://www.youtube.com/watch?v=lH5VBw8pVVc"
"יוצא היום לקרב","קטגוריה:שירים מהיציע","https://wiki.red-fans.com/index.php?title=%D7%99%D7%95%D7%A6%D7%90_%D7%94%D7%99%D7%95%D7%9D_%D7%9C%D7%A7%D7%A8%D7%91","https://www.youtube.com/watch?v=7Mn1WN5yeag"
"יוצא היום לקרב","קטגוריה:שירים מהיציע","https://wiki.red-fans.com/index.php?title=%D7%99%D7%95%D7%A6%D7%90_%D7%94%D7%99%D7%95%D7%9D_%D7%9C%D7%A7%D7%A8%D7%91","https://www.youtube.com/watch?v=1EMV8q76p04"
"יוצא היום לקרב","קטגוריה:שירים מהיציע","https://wiki.red-fans.com/index.php?title=%D7%99%D7%95%D7%A6%D7%90_%D7%94%D7%99%D7%95%D7%9D_%D7%9C%D7%A7%D7%A8%D7%91","https://www.youtube.com/watch?v=38P8qriUciU"
"יוצא היום לקרב","קטגוריה:שירים מהיציע","https://wiki.red-fans.com/index.php?title=%D7%99%D7%95%D7%A6%D7%90_%D7%94%D7%99%D7%95%D7%9D_%D7%9C%D7%A7%D7%A8%D7%91","https://www.youtube.com/watch?v=2TZwR9-ozG4"
"יוצא היום לקרב","קטגוריה:שירים מהיציע","https://wiki.red-fans.com/index.php?title=%D7%99%D7%95%D7%A6%D7%90_%D7%94%D7%99%D7%95%D7%9D_%D7%9C%D7%A7%D7%A8%D7%91","https://www.youtube.com/watch?v=QlW-xWzvwGI"
"יוצא היום לקרב","קטגוריה:שירים מהיציע","https://wiki.red-fans.com/index.php?title=%D7%99%D7%95%D7%A6%D7%90_%D7%94%D7%99%D7%95%D7%9D_%D7%9C%D7%A7%D7%A8%D7%91","https://www.youtube.com/watch?v=DlDYuMSZ_DA"
"יוצא היום לקרב","קטגוריה:שירים מהיציע","https://wiki.red-fans.com/index.php?title=%D7%99%D7%95%D7%A6%D7%90_%D7%94%D7%99%D7%95%D7%9D_%D7%9C%D7%A7%D7%A8%D7%91","https://www.youtube.com/watch?v=cIwpUHRAtIc"
"יוצא היום לקרב","קטגוריה:שירים מהיציע","https://wiki.red-fans.com/index.php?title=%D7%99%D7%95%D7%A6%D7%90_%D7%94%D7%99%D7%95%D7%9D_%D7%9C%D7%A7%D7%A8%D7%91","https://www.youtube.com/watch?v=EjIsVMP7HNA"
"יוצא היום לקרב","קטגוריה:שירים מהיציע","https://wiki.red-fans.com/index.php?title=%D7%99%D7%95%D7%A6%D7%90_%D7%94%D7%99%D7%95%D7%9D_%D7%9C%D7%A7%D7%A8%D7%91","https://www.youtube.com/watch?v=9F3jcbV3Jwk"
"יוצא היום לקרב","קטגוריה:שירים מהיציע","https://wiki.red-fans.com/index.php?title=%D7%99%D7%95%D7%A6%D7%90_%D7%94%D7%99%D7%95%D7%9D_%D7%9C%D7%A7%D7%A8%D7%91","https://www.youtube.com/watch?v=jOQcCLr7wz8"
"יחד לעולם","קטגוריה:שירים מהיציע","https://wiki.red-fans.com/index.php?title=%D7%99%D7%97%D7%93_%D7%9C%D7%A2%D7%95%D7%9C%D7%9D","https://www.youtube.com/watch?v=3tpVWJrEAwY"
"יחד לעולם","קטגוריה:שירים מהיציע","https://wiki.red-fans.com/index.php?title=%D7%99%D7%97%D7%93_%D7%9C%D7%A2%D7%95%D7%9C%D7%9D","https://www.youtube.com/watch?v=dUpFNyFOazA"
"יחד לעולם","קטגוריה:שירים מהיציע","https://wiki.red-fans.com/index.php?title=%D7%99%D7%97%D7%93_%D7%9C%D7%A2%D7%95%D7%9C%D7%9D","https://www.youtube.com/watch?v=pvuN_WvF1to"
"יחד לעולם","קטגוריה:שירים מהיציע","https://wiki.red-fans.com/index.php?title=%D7%99%D7%97%D7%93_%D7%9C%D7%A2%D7%95%D7%9C%D7%9D","https://www.youtube.com/watch?v=ZEawqpJAXao"
"ירושלים לא באירופה","קטגוריה:שירים מהיציע","https://wiki.red-fans.com/index.php?title=%D7%99%D7%A8%D7%95%D7%A9%D7%9C%D7%99%D7%9D_%D7%9C%D7%90_%D7%91%D7%90%D7%99%D7%A8%D7%95%D7%A4%D7%94","https://www.youtube.com/watch?v=H8oSsptmyL8"
"ירושלים על הזין","קטגוריה:שירים מהיציע","https://wiki.red-fans.com/index.php?title=%D7%99%D7%A8%D7%95%D7%A9%D7%9C%D7%99%D7%9D_%D7%A2%D7%9C_%D7%94%D7%96%D7%99%D7%9F","https://www.youtube.com/watch?v=aeBq19VU6ZU"
"ירושלים על הזין","קטגוריה:שירים מהיציע","https://wiki.red-fans.com/index.php?title=%D7%99%D7%A8%D7%95%D7%A9%D7%9C%D7%99%D7%9D_%D7%A2%D7%9C_%D7%94%D7%96%D7%99%D7%9F","https://www.youtube.com/watch?v=Q1NFXKYQ3mI"
"יש רק סמל אחד","קטגוריה:שירים מהיציע","https://wiki.red-fans.com/index.php?title=%D7%99%D7%A9_%D7%A8%D7%A7_%D7%A1%D7%9E%D7%9C_%D7%90%D7%97%D7%93","https://www.youtube.com/watch?v=_ldiTUVo2bs"
"כדי להיות אוהד של הפועל","קטגוריה:שירים מהיציע","https://wiki.red-fans.com/index.php?title=%D7%9B%D7%93%D7%99_%D7%9C%D7%94%D7%99%D7%95%D7%AA_%D7%90%D7%95%D7%94%D7%93_%D7%A9%D7%9C_%D7%94%D7%A4%D7%95%D7%A2%D7%9C","https://www.youtube.com/watch?v=oxPWVX-qSrQ"
"כדי להיות אוהד של הפועל","קטגוריה:שירים מהיציע","https://wiki.red-fans.com/index.php?title=%D7%9B%D7%93%D7%99_%D7%9C%D7%94%D7%99%D7%95%D7%AA_%D7%90%D7%95%D7%94%D7%93_%D7%A9%D7%9C_%D7%94%D7%A4%D7%95%D7%A2%D7%9C","https://www.youtube.com/watch?v=8hFD0HQmdZA"
"כדי להיות אוהד של הפועל","קטגוריה:שירים מהיציע","https://wiki.red-fans.com/index.php?title=%D7%9B%D7%93%D7%99_%D7%9C%D7%94%D7%99%D7%95%D7%AA_%D7%90%D7%95%D7%94%D7%93_%D7%A9%D7%9C_%D7%94%D7%A4%D7%95%D7%A2%D7%9C","https://www.youtube.com/watch?v=OKk7bkqvXF0"
"כדי להיות אוהד של הפועל","קטגוריה:שירים מהיציע","https://wiki.red-fans.com/index.php?title=%D7%9B%D7%93%D7%99_%D7%9C%D7%94%D7%99%D7%95%D7%AA_%D7%90%D7%95%D7%94%D7%93_%D7%A9%D7%9C_%D7%94%D7%A4%D7%95%D7%A2%D7%9C","https://www.youtube.com/watch?v=CTEQLw6Jiw4"
"כולם בטירוף","קטגוריה:שירים מהיציע","https://wiki.red-fans.com/index.php?title=%D7%9B%D7%95%D7%9C%D7%9D_%D7%91%D7%98%D7%99%D7%A8%D7%95%D7%A3","https://www.youtube.com/watch?v=iazcHFBRF_U"
"כולם בטירוף","קטגוריה:שירים מהיציע","https://wiki.red-fans.com/index.php?title=%D7%9B%D7%95%D7%9C%D7%9D_%D7%91%D7%98%D7%99%D7%A8%D7%95%D7%A3","https://www.youtube.com/watch?v=L53uxkxYaME"
"כולם שונאים אותנו","קטגוריה:שירים מהיציע","https://wiki.red-fans.com/index.php?title=%D7%9B%D7%95%D7%9C%D7%9D_%D7%A9%D7%95%D7%A0%D7%90%D7%99%D7%9D_%D7%90%D7%95%D7%AA%D7%A0%D7%95","https://www.youtube.com/watch?v=4BXCmv8SCsM"
"כולם שונאים אותנו","קטגוריה:שירים מהיציע","https://wiki.red-fans.com/index.php?title=%D7%9B%D7%95%D7%9C%D7%9D_%D7%A9%D7%95%D7%A0%D7%90%D7%99%D7%9D_%D7%90%D7%95%D7%AA%D7%A0%D7%95","https://www.youtube.com/watch?v=o19KKwvpmHA"
"כולם שונאים אותנו","קטגוריה:שירים מהיציע","https://wiki.red-fans.com/index.php?title=%D7%9B%D7%95%D7%9C%D7%9D_%D7%A9%D7%95%D7%A0%D7%90%D7%99%D7%9D_%D7%90%D7%95%D7%AA%D7%A0%D7%95","https://www.youtube.com/watch?v=zJ4-DXC-56Q"
"כי אני באתי לעשות שואה למכבי","קטגוריה:שירים מהיציע","https://wiki.red-fans.com/index.php?title=%D7%9B%D7%99_%D7%90%D7%A0%D7%99_%D7%91%D7%90%D7%AA%D7%99_%D7%9C%D7%A2%D7%A9%D7%95%D7%AA_%D7%A9%D7%95%D7%90%D7%94_%D7%9C%D7%9E%D7%9B%D7%91%D7%99","https://www.youtube.com/watch?v=1RiqOuKCCa4"
"כי אני באתי לעשות שואה למכבי","קטגוריה:שירים מהיציע","https://wiki.red-fans.com/index.php?title=%D7%9B%D7%99_%D7%90%D7%A0%D7%99_%D7%91%D7%90%D7%AA%D7%99_%D7%9C%D7%A2%D7%A9%D7%95%D7%AA_%D7%A9%D7%95%D7%90%D7%94_%D7%9C%D7%9E%D7%9B%D7%91%D7%99","https://www.youtube.com/watch?v=YYwQeHi3I3Q"
"כי רק בזכותך אני עוד חי וקיים","קטגוריה:שירים מהיציע","https://wiki.red-fans.com/index.php?title=%D7%9B%D7%99_%D7%A8%D7%A7_%D7%91%D7%96%D7%9B%D7%95%D7%AA%D7%9A_%D7%90%D7%A0%D7%99_%D7%A2%D7%95%D7%93_%D7%97%D7%99_%D7%95%D7%A7%D7%99%D7%99%D7%9D","https://www.youtube.com/watch?v=zoMYU_nOGNg"
"כי רק בזכותך אני עוד חי וקיים","קטגוריה:שירים מהיציע","https://wiki.red-fans.com/index.php?title=%D7%9B%D7%99_%D7%A8%D7%A7_%D7%91%D7%96%D7%9B%D7%95%D7%AA%D7%9A_%D7%90%D7%A0%D7%99_%D7%A2%D7%95%D7%93_%D7%97%D7%99_%D7%95%D7%A7%D7%99%D7%99%D7%9D","https://www.youtube.com/watch?v=3ZtmXdSXJ-8"
"כל החיים שלי אני פה איתך","קטגוריה:שירים מהיציע","https://wiki.red-fans.com/index.php?title=%D7%9B%D7%9C_%D7%94%D7%97%D7%99%D7%99%D7%9D_%D7%A9%D7%9C%D7%99_%D7%90%D7%A0%D7%99_%D7%A4%D7%94_%D7%90%D7%99%D7%AA%D7%9A","https://www.youtube.com/watch?v=9oXfzm7UO2k"
"כל החיים שלי אני פה איתך","קטגוריה:שירים מהיציע","https://wiki.red-fans.com/index.php?title=%D7%9B%D7%9C_%D7%94%D7%97%D7%99%D7%99%D7%9D_%D7%A9%D7%9C%D7%99_%D7%90%D7%A0%D7%99_%D7%A4%D7%94_%D7%90%D7%99%D7%AA%D7%9A","https://www.youtube.com/watch?v=rgww_W_MvJg"
"כל החיים שלי אני פה איתך","קטגוריה:שירים מהיציע","https://wiki.red-fans.com/index.php?title=%D7%9B%D7%9C_%D7%94%D7%97%D7%99%D7%99%D7%9D_%D7%A9%D7%9C%D7%99_%D7%90%D7%A0%D7%99_%D7%A4%D7%94_%D7%90%D7%99%D7%AA%D7%9A","https://www.youtube.com/watch?v=yaRi8nwcra8"
"כל היום אני רק עלייך","קטגוריה:שירים מהיציע","https://wiki.red-fans.com/index.php?title=%D7%9B%D7%9C_%D7%94%D7%99%D7%95%D7%9D_%D7%90%D7%A0%D7%99_%D7%A8%D7%A7_%D7%A2%D7%9C%D7%99%D7%99%D7%9A","https://www.youtube.com/watch?v=sOSIfiyHXj4"
"כל היום אני רק עלייך","קטגוריה:שירים מהיציע","https://wiki.red-fans.com/index.php?title=%D7%9B%D7%9C_%D7%94%D7%99%D7%95%D7%9D_%D7%90%D7%A0%D7%99_%D7%A8%D7%A7_%D7%A2%D7%9C%D7%99%D7%99%D7%9A","https://www.youtube.com/watch?v=2u33EXxwzVc"
"כל היום אני רק עלייך","קטגוריה:שירים מהיציע","https://wiki.red-fans.com/index.php?title=%D7%9B%D7%9C_%D7%94%D7%99%D7%95%D7%9D_%D7%90%D7%A0%D7%99_%D7%A8%D7%A7_%D7%A2%D7%9C%D7%99%D7%99%D7%9A","https://www.youtube.com/watch?v=77rydulqf2A"
"כל העולם כולו","קטגוריה:שירים מהיציע","https://wiki.red-fans.com/index.php?title=%D7%9B%D7%9C_%D7%94%D7%A2%D7%95%D7%9C%D7%9D_%D7%9B%D7%95%D7%9C%D7%95","https://www.youtube.com/watch?v=gt9S2Whvqio"
"כל העולם כולו","קטגוריה:שירים מהיציע","https://wiki.red-fans.com/index.php?title=%D7%9B%D7%9C_%D7%94%D7%A2%D7%95%D7%9C%D7%9D_%D7%9B%D7%95%D7%9C%D7%95","https://www.youtube.com/watch?v=x5tdi0zzvDM"
"כל העולם כולו","קטגוריה:שירים מהיציע","https://wiki.red-fans.com/index.php?title=%D7%9B%D7%9C_%D7%94%D7%A2%D7%95%D7%9C%D7%9D_%D7%9B%D7%95%D7%9C%D7%95","https://www.youtube.com/watch?v=WpAzxjDUyEw"
"כל העולם כולו","קטגוריה:שירים מהיציע","https://wiki.red-fans.com/index.php?title=%D7%9B%D7%9C_%D7%94%D7%A2%D7%95%D7%9C%D7%9D_%D7%9B%D7%95%D7%9C%D7%95","https://www.youtube.com/watch?v=jPYTLQHVvtE"
"כל העולם כולו","קטגוריה:שירים מהיציע","https://wiki.red-fans.com/index.php?title=%D7%9B%D7%9C_%D7%94%D7%A2%D7%95%D7%9C%D7%9D_%D7%9B%D7%95%D7%9C%D7%95","https://www.youtube.com/watch?v=qVEVvNHNZUI"
"כל מי שלובש אדום קופץ","קטגוריה:שירים מהיציע","https://wiki.red-fans.com/index.php?title=%D7%9B%D7%9C_%D7%9E%D7%99_%D7%A9%D7%9C%D7%95%D7%91%D7%A9_%D7%90%D7%93%D7%95%D7%9D_%D7%A7%D7%95%D7%A4%D7%A5","https://www.youtube.com/watch?v=Zqdy2C2o3Dw"
"כל מי שלובש אדום קופץ","קטגוריה:שירים מהיציע","https://wiki.red-fans.com/index.php?title=%D7%9B%D7%9C_%D7%9E%D7%99_%D7%A9%D7%9C%D7%95%D7%91%D7%A9_%D7%90%D7%93%D7%95%D7%9D_%D7%A7%D7%95%D7%A4%D7%A5","https://www.youtube.com/watch?v=PZJ5dHWFE04"
"כל צהוב צריך לשרוף","קטגוריה:שירים מהיציע","https://wiki.red-fans.com/index.php?title=%D7%9B%D7%9C_%D7%A6%D7%94%D7%95%D7%91_%D7%A6%D7%A8%D7%99%D7%9A_%D7%9C%D7%A9%D7%A8%D7%95%D7%A3",""
"כמו עיוור אני הולך","קטגוריה:שירים מהיציע","https://wiki.red-fans.com/index.php?title=%D7%9B%D7%9E%D7%95_%D7%A2%D7%99%D7%95%D7%95%D7%A8_%D7%90%D7%A0%D7%99_%D7%94%D7%95%D7%9C%D7%9A","https://www.youtube.com/watch?v=7K8q9Xh_aJw"
"כמו עיוור אני הולך","קטגוריה:שירים מהיציע","https://wiki.red-fans.com/index.php?title=%D7%9B%D7%9E%D7%95_%D7%A2%D7%99%D7%95%D7%95%D7%A8_%D7%90%D7%A0%D7%99_%D7%94%D7%95%D7%9C%D7%9A","https://www.youtube.com/watch?v=B45_BaJ8xOY"
"כמו פרפר לאור","קטגוריה:שירים מהיציע","https://wiki.red-fans.com/index.php?title=%D7%9B%D7%9E%D7%95_%D7%A4%D7%A8%D7%A4%D7%A8_%D7%9C%D7%90%D7%95%D7%A8","https://www.youtube.com/watch?v=n6THlLR4ovQ"
"כמו פרפר לאור","קטגוריה:שירים מהיציע","https://wiki.red-fans.com/index.php?title=%D7%9B%D7%9E%D7%95_%D7%A4%D7%A8%D7%A4%D7%A8_%D7%9C%D7%90%D7%95%D7%A8","https://www.youtube.com/watch?v=fBp8ogcVd80"
"כשאת עולה למגרש","קטגוריה:שירים מהיציע","https://wiki.red-fans.com/index.php?title=%D7%9B%D7%A9%D7%90%D7%AA_%D7%A2%D7%95%D7%9C%D7%94_%D7%9C%D7%9E%D7%92%D7%A8%D7%A9","https://www.youtube.com/watch?v=58lN67LfJpw"
"כשאת עולה למגרש","קטגוריה:שירים מהיציע","https://wiki.red-fans.com/index.php?title=%D7%9B%D7%A9%D7%90%D7%AA_%D7%A2%D7%95%D7%9C%D7%94_%D7%9C%D7%9E%D7%92%D7%A8%D7%A9","https://www.youtube.com/watch?v=4wcLFxyotGc"
"כשאת עולה למגרש","קטגוריה:שירים מהיציע","https://wiki.red-fans.com/index.php?title=%D7%9B%D7%A9%D7%90%D7%AA_%D7%A2%D7%95%D7%9C%D7%94_%D7%9C%D7%9E%D7%92%D7%A8%D7%A9","https://www.youtube.com/watch?v=QcDTFujnR5k"
"כשאת עולה למגרש","קטגוריה:שירים מהיציע","https://wiki.red-fans.com/index.php?title=%D7%9B%D7%A9%D7%90%D7%AA_%D7%A2%D7%95%D7%9C%D7%94_%D7%9C%D7%9E%D7%92%D7%A8%D7%A9","https://www.youtube.com/watch?v=sda62vK8GGw"
"כשאת עולה למגרש","קטגוריה:שירים מהיציע","https://wiki.red-fans.com/index.php?title=%D7%9B%D7%A9%D7%90%D7%AA_%D7%A2%D7%95%D7%9C%D7%94_%D7%9C%D7%9E%D7%92%D7%A8%D7%A9","https://www.youtube.com/watch?v=ugHyjcwB0Cg"
"כשהפועל שוב עולה אל המגרש","קטגוריה:שירים מהיציע","https://wiki.red-fans.com/index.php?title=%D7%9B%D7%A9%D7%94%D7%A4%D7%95%D7%A2%D7%9C_%D7%A9%D7%95%D7%91_%D7%A2%D7%95%D7%9C%D7%94_%D7%90%D7%9C_%D7%94%D7%9E%D7%92%D7%A8%D7%A9","https://www.youtube.com/watch?v=CMvsDq6ku14"
"כשהפועל שוב עולה אל המגרש","קטגוריה:שירים מהיציע","https://wiki.red-fans.com/index.php?title=%D7%9B%D7%A9%D7%94%D7%A4%D7%95%D7%A2%D7%9C_%D7%A9%D7%95%D7%91_%D7%A2%D7%95%D7%9C%D7%94_%D7%90%D7%9C_%D7%94%D7%9E%D7%92%D7%A8%D7%A9","https://www.youtube.com/watch?v=3zfF94RRjgU"
"כשהפועל שוב עולה אל המגרש","קטגוריה:שירים מהיציע","https://wiki.red-fans.com/index.php?title=%D7%9B%D7%A9%D7%94%D7%A4%D7%95%D7%A2%D7%9C_%D7%A9%D7%95%D7%91_%D7%A2%D7%95%D7%9C%D7%94_%D7%90%D7%9C_%D7%94%D7%9E%D7%92%D7%A8%D7%A9","https://www.youtube.com/watch?v=2nrcgNE1ylY"
"כשהפועל שוב עולה אל המגרש","קטגוריה:שירים מהיציע","https://wiki.red-fans.com/index.php?title=%D7%9B%D7%A9%D7%94%D7%A4%D7%95%D7%A2%D7%9C_%D7%A9%D7%95%D7%91_%D7%A2%D7%95%D7%9C%D7%94_%D7%90%D7%9C_%D7%94%D7%9E%D7%92%D7%A8%D7%A9","https://www.youtube.com/watch?v=gjXRFq9SEME"
"כשהפועל שוב עולה אל המגרש","קטגוריה:שירים מהיציע","https://wiki.red-fans.com/index.php?title=%D7%9B%D7%A9%D7%94%D7%A4%D7%95%D7%A2%D7%9C_%D7%A9%D7%95%D7%91_%D7%A2%D7%95%D7%9C%D7%94_%D7%90%D7%9C_%D7%94%D7%9E%D7%92%D7%A8%D7%A9","https://www.youtube.com/watch?v=MGHRxDQwh6c"
"כשהפועל שוב עולה אל המגרש","קטגוריה:שירים מהיציע","https://wiki.red-fans.com/index.php?title=%D7%9B%D7%A9%D7%94%D7%A4%D7%95%D7%A2%D7%9C_%D7%A9%D7%95%D7%91_%D7%A2%D7%95%D7%9C%D7%94_%D7%90%D7%9C_%D7%94%D7%9E%D7%92%D7%A8%D7%A9","https://www.youtube.com/watch?v=GfuKiuU4uE4"
"כשהפועל שוב עולה אל המגרש","קטגוריה:שירים מהיציע","https://wiki.red-fans.com/index.php?title=%D7%9B%D7%A9%D7%94%D7%A4%D7%95%D7%A2%D7%9C_%D7%A9%D7%95%D7%91_%D7%A2%D7%95%D7%9C%D7%94_%D7%90%D7%9C_%D7%94%D7%9E%D7%92%D7%A8%D7%A9","https://www.youtube.com/watch?v=reIQfSnp22Q"
"כשהפועל שוב עולה אל המגרש","קטגוריה:שירים מהיציע","https://wiki.red-fans.com/index.php?title=%D7%9B%D7%A9%D7%94%D7%A4%D7%95%D7%A2%D7%9C_%D7%A9%D7%95%D7%91_%D7%A2%D7%95%D7%9C%D7%94_%D7%90%D7%9C_%D7%94%D7%9E%D7%92%D7%A8%D7%A9","https://www.youtube.com/watch?v=MXt4JykTDjI"
"כשהפועל שוב עולה אל המגרש","קטגוריה:שירים מהיציע","https://wiki.red-fans.com/index.php?title=%D7%9B%D7%A9%D7%94%D7%A4%D7%95%D7%A2%D7%9C_%D7%A9%D7%95%D7%91_%D7%A2%D7%95%D7%9C%D7%94_%D7%90%D7%9C_%D7%94%D7%9E%D7%92%D7%A8%D7%A9","https://www.youtube.com/watch?v=_wfY1-H-MIg"
"כשהשטן יקח אותנו","קטגוריה:שירים מהיציע","https://wiki.red-fans.com/index.php?title=%D7%9B%D7%A9%D7%94%D7%A9%D7%98%D7%9F_%D7%99%D7%A7%D7%97_%D7%90%D7%95%D7%AA%D7%A0%D7%95","https://www.youtube.com/watch?v=xaRDgy0-j4E"
"כשהשטן יקח אותנו","קטגוריה:שירים מהיציע","https://wiki.red-fans.com/index.php?title=%D7%9B%D7%A9%D7%94%D7%A9%D7%98%D7%9F_%D7%99%D7%A7%D7%97_%D7%90%D7%95%D7%AA%D7%A0%D7%95","https://www.youtube.com/watch?v=8Fr6LpFdmlY"
"כשהשטן יקח אותנו","קטגוריה:שירים מהיציע","https://wiki.red-fans.com/index.php?title=%D7%9B%D7%A9%D7%94%D7%A9%D7%98%D7%9F_%D7%99%D7%A7%D7%97_%D7%90%D7%95%D7%AA%D7%A0%D7%95","https://www.youtube.com/watch?v=SZxhVjdSYYQ"
"כשהשטן יקח אותנו","קטגוריה:שירים מהיציע","https://wiki.red-fans.com/index.php?title=%D7%9B%D7%A9%D7%94%D7%A9%D7%98%D7%9F_%D7%99%D7%A7%D7%97_%D7%90%D7%95%D7%AA%D7%A0%D7%95","https://www.youtube.com/watch?v=nBFAYBliFns"
"כשהשטן יקח אותנו","קטגוריה:שירים מהיציע","https://wiki.red-fans.com/index.php?title=%D7%9B%D7%A9%D7%94%D7%A9%D7%98%D7%9F_%D7%99%D7%A7%D7%97_%D7%90%D7%95%D7%AA%D7%A0%D7%95","https://www.youtube.com/watch?v=kiGqd08KgP4"
"לא יודע להסביר","קטגוריה:שירים מהיציע","https://wiki.red-fans.com/index.php?title=%D7%9C%D7%90_%D7%99%D7%95%D7%93%D7%A2_%D7%9C%D7%94%D7%A1%D7%91%D7%99%D7%A8","https://www.youtube.com/watch?v=mvP7TxEQ11Q"
"לא יודע להסביר","קטגוריה:שירים מהיציע","https://wiki.red-fans.com/index.php?title=%D7%9C%D7%90_%D7%99%D7%95%D7%93%D7%A2_%D7%9C%D7%94%D7%A1%D7%91%D7%99%D7%A8","https://www.youtube.com/watch?v=R8QImLTKl4A"
"לא יודע להסביר","קטגוריה:שירים מהיציע","https://wiki.red-fans.com/index.php?title=%D7%9C%D7%90_%D7%99%D7%95%D7%93%D7%A2_%D7%9C%D7%94%D7%A1%D7%91%D7%99%D7%A8","https://www.youtube.com/watch?v=PFVT7cSfbBo"
"לא יודע להסביר","קטגוריה:שירים מהיציע","https://wiki.red-fans.com/index.php?title=%D7%9C%D7%90_%D7%99%D7%95%D7%93%D7%A2_%D7%9C%D7%94%D7%A1%D7%91%D7%99%D7%A8","https://www.youtube.com/watch?v=SG2oiLdPOzE"
"לא יודע להסביר","קטגוריה:שירים מהיציע","https://wiki.red-fans.com/index.php?title=%D7%9C%D7%90_%D7%99%D7%95%D7%93%D7%A2_%D7%9C%D7%94%D7%A1%D7%91%D7%99%D7%A8","https://www.youtube.com/watch?v=Ha1LYL312yo"
"לא יודע להסביר","קטגוריה:שירים מהיציע","https://wiki.red-fans.com/index.php?title=%D7%9C%D7%90_%D7%99%D7%95%D7%93%D7%A2_%D7%9C%D7%94%D7%A1%D7%91%D7%99%D7%A8","https://www.youtube.com/watch?v=aZpAP83Nifo"
"לא יודע להסביר","קטגוריה:שירים מהיציע","https://wiki.red-fans.com/index.php?title=%D7%9C%D7%90_%D7%99%D7%95%D7%93%D7%A2_%D7%9C%D7%94%D7%A1%D7%91%D7%99%D7%A8","https://www.youtube.com/watch?v=gXlZD2EMXWI"
"לא יודע להסביר","קטגוריה:שירים מהיציע","https://wiki.red-fans.com/index.php?title=%D7%9C%D7%90_%D7%99%D7%95%D7%93%D7%A2_%D7%9C%D7%94%D7%A1%D7%91%D7%99%D7%A8","https://www.youtube.com/watch?v=iAzJjhrAjV4"
"לא יודע להסביר","קטגוריה:שירים מהיציע","https://wiki.red-fans.com/index.php?title=%D7%9C%D7%90_%D7%99%D7%95%D7%93%D7%A2_%D7%9C%D7%94%D7%A1%D7%91%D7%99%D7%A8","https://www.youtube.com/watch?v=qkz95SqheDo"
"לא יודע להסביר","קטגוריה:שירים מהיציע","https://wiki.red-fans.com/index.php?title=%D7%9C%D7%90_%D7%99%D7%95%D7%93%D7%A2_%D7%9C%D7%94%D7%A1%D7%91%D7%99%D7%A8","https://www.youtube.com/watch?v=HT3Ik699jnE"
"לא יודע להסביר","קטגוריה:שירים מהיציע","https://wiki.red-fans.com/index.php?title=%D7%9C%D7%90_%D7%99%D7%95%D7%93%D7%A2_%D7%9C%D7%94%D7%A1%D7%91%D7%99%D7%A8","https://www.youtube.com/watch?v=6g-qj5wrFxk"
"לא יודע להסביר","קטגוריה:שירים מהיציע","https://wiki.red-fans.com/index.php?title=%D7%9C%D7%90_%D7%99%D7%95%D7%93%D7%A2_%D7%9C%D7%94%D7%A1%D7%91%D7%99%D7%A8","https://www.youtube.com/watch?v=pu_xepb5crg"
"לא יודע להסביר","קטגוריה:שירים מהיציע","https://wiki.red-fans.com/index.php?title=%D7%9C%D7%90_%D7%99%D7%95%D7%93%D7%A2_%D7%9C%D7%94%D7%A1%D7%91%D7%99%D7%A8","https://www.youtube.com/watch?v=GWVuMWvqwvg"
"לא יודע להסביר","קטגוריה:שירים מהיציע","https://wiki.red-fans.com/index.php?title=%D7%9C%D7%90_%D7%99%D7%95%D7%93%D7%A2_%D7%9C%D7%94%D7%A1%D7%91%D7%99%D7%A8","https://www.youtube.com/watch?v=v-99nGLdrKE"
"לא יודע להסביר","קטגוריה:שירים מהיציע","https://wiki.red-fans.com/index.php?title=%D7%9C%D7%90_%D7%99%D7%95%D7%93%D7%A2_%D7%9C%D7%94%D7%A1%D7%91%D7%99%D7%A8","https://www.youtube.com/watch?v=h3Rpcydq96g"
"לא יודע להסביר","קטגוריה:שירים מהיציע","https://wiki.red-fans.com/index.php?title=%D7%9C%D7%90_%D7%99%D7%95%D7%93%D7%A2_%D7%9C%D7%94%D7%A1%D7%91%D7%99%D7%A8","https://www.youtube.com/watch?v=Kbg2beueU8A"
"לא יודע להסביר","קטגוריה:שירים מהיציע","https://wiki.red-fans.com/index.php?title=%D7%9C%D7%90_%D7%99%D7%95%D7%93%D7%A2_%D7%9C%D7%94%D7%A1%D7%91%D7%99%D7%A8","https://www.youtube.com/watch?v=FRjrxXVbdKk"
"לא יודע להסביר","קטגוריה:שירים מהיציע","https://wiki.red-fans.com/index.php?title=%D7%9C%D7%90_%D7%99%D7%95%D7%93%D7%A2_%D7%9C%D7%94%D7%A1%D7%91%D7%99%D7%A8","https://www.youtube.com/watch?v=WPiEbYSF9kE"
"לא יודע להסביר","קטגוריה:שירים מהיציע","https://wiki.red-fans.com/index.php?title=%D7%9C%D7%90_%D7%99%D7%95%D7%93%D7%A2_%D7%9C%D7%94%D7%A1%D7%91%D7%99%D7%A8","https://www.youtube.com/watch?v=egi0ym_WTdE"
"לא יודע להסביר","קטגוריה:שירים מהיציע","https://wiki.red-fans.com/index.php?title=%D7%9C%D7%90_%D7%99%D7%95%D7%93%D7%A2_%D7%9C%D7%94%D7%A1%D7%91%D7%99%D7%A8","https://www.youtube.com/watch?v=8mKpsw2rNs4"
"לא יודע להסביר","קטגוריה:שירים מהיציע","https://wiki.red-fans.com/index.php?title=%D7%9C%D7%90_%D7%99%D7%95%D7%93%D7%A2_%D7%9C%D7%94%D7%A1%D7%91%D7%99%D7%A8","https://www.youtube.com/watch?v=UR_7O2p_4iM"
"לא משנה מה שיהיה","קטגוריה:שירים מהיציע","https://wiki.red-fans.com/index.php?title=%D7%9C%D7%90_%D7%9E%D7%A9%D7%A0%D7%94_%D7%9E%D7%94_%D7%A9%D7%99%D7%94%D7%99%D7%94","https://www.youtube.com/watch?v=rkdtSFaKY7A"
"לא משנה מה שיהיה","קטגוריה:שירים מהיציע","https://wiki.red-fans.com/index.php?title=%D7%9C%D7%90_%D7%9E%D7%A9%D7%A0%D7%94_%D7%9E%D7%94_%D7%A9%D7%99%D7%94%D7%99%D7%94","https://www.youtube.com/watch?v=3OPDnQy0Y20"
"לא שכחתי","קטגוריה:שירים מהיציע","https://wiki.red-fans.com/index.php?title=%D7%9C%D7%90_%D7%A9%D7%9B%D7%97%D7%AA%D7%99","https://www.youtube.com/watch?v=DS-IReJGmFo"
"לא שכחתי","קטגוריה:שירים מהיציע","https://wiki.red-fans.com/index.php?title=%D7%9C%D7%90_%D7%A9%D7%9B%D7%97%D7%AA%D7%99","https://www.youtube.com/watch?v=LGB6GKgf5Fg"
"לא תשברו אותנו","קטגוריה:שירים מהיציע","https://wiki.red-fans.com/index.php?title=%D7%9C%D7%90_%D7%AA%D7%A9%D7%91%D7%A8%D7%95_%D7%90%D7%95%D7%AA%D7%A0%D7%95","https://www.youtube.com/watch?v=ok-S3gKi5P0"
"לכל מקום שבאתי עשיתי מהומה","קטגוריה:שירים מהיציע","https://wiki.red-fans.com/index.php?title=%D7%9C%D7%9B%D7%9C_%D7%9E%D7%A7%D7%95%D7%9D_%D7%A9%D7%91%D7%90%D7%AA%D7%99_%D7%A2%D7%A9%D7%99%D7%AA%D7%99_%D7%9E%D7%94%D7%95%D7%9E%D7%94","https://www.youtube.com/watch?v=2sjlUkDBpUo"
"לכל מקום שבאתי עשיתי מהומה","קטגוריה:שירים מהיציע","https://wiki.red-fans.com/index.php?title=%D7%9C%D7%9B%D7%9C_%D7%9E%D7%A7%D7%95%D7%9D_%D7%A9%D7%91%D7%90%D7%AA%D7%99_%D7%A2%D7%A9%D7%99%D7%AA%D7%99_%D7%9E%D7%94%D7%95%D7%9E%D7%94","https://www.youtube.com/watch?v=a_ReAqEy948"
"לכל מקום שבאתי עשיתי מהומה","קטגוריה:שירים מהיציע","https://wiki.red-fans.com/index.php?title=%D7%9C%D7%9B%D7%9C_%D7%9E%D7%A7%D7%95%D7%9D_%D7%A9%D7%91%D7%90%D7%AA%D7%99_%D7%A2%D7%A9%D7%99%D7%AA%D7%99_%D7%9E%D7%94%D7%95%D7%9E%D7%94","https://www.youtube.com/watch?v=g4B7CXmKnao"
"לכל מקום שבאתי עשיתי מהומה","קטגוריה:שירים מהיציע","https://wiki.red-fans.com/index.php?title=%D7%9C%D7%9B%D7%9C_%D7%9E%D7%A7%D7%95%D7%9D_%D7%A9%D7%91%D7%90%D7%AA%D7%99_%D7%A2%D7%A9%D7%99%D7%AA%D7%99_%D7%9E%D7%94%D7%95%D7%9E%D7%94","https://www.youtube.com/watch?v=8-KfN4JRZNo"
"לכל מקום שבאתי עשיתי מהומה","קטגוריה:שירים מהיציע","https://wiki.red-fans.com/index.php?title=%D7%9C%D7%9B%D7%9C_%D7%9E%D7%A7%D7%95%D7%9D_%D7%A9%D7%91%D7%90%D7%AA%D7%99_%D7%A2%D7%A9%D7%99%D7%AA%D7%99_%D7%9E%D7%94%D7%95%D7%9E%D7%94","https://www.youtube.com/watch?v=0faNDuh-Zqo"
"לעודד אותך היום הגענו","קטגוריה:שירים מהיציע","https://wiki.red-fans.com/index.php?title=%D7%9C%D7%A2%D7%95%D7%93%D7%93_%D7%90%D7%95%D7%AA%D7%9A_%D7%94%D7%99%D7%95%D7%9D_%D7%94%D7%92%D7%A2%D7%A0%D7%95","https://www.youtube.com/watch?v=Sn1Rs1wHJRY"
"לפעמים","קטגוריה:שירים מהיציע","https://wiki.red-fans.com/index.php?title=%D7%9C%D7%A4%D7%A2%D7%9E%D7%99%D7%9D","https://www.youtube.com/watch?v=bh9JerE0daA"
"לפעמים","קטגוריה:שירים מהיציע","https://wiki.red-fans.com/index.php?title=%D7%9C%D7%A4%D7%A2%D7%9E%D7%99%D7%9D","https://www.youtube.com/watch?v=XVvV36VlmVg"
"לפעמים","קטגוריה:שירים מהיציע","https://wiki.red-fans.com/index.php?title=%D7%9C%D7%A4%D7%A2%D7%9E%D7%99%D7%9D","https://www.youtube.com/watch?v=Ap9SRXgAiF8"
"לפעמים","קטגוריה:שירים מהיציע","https://wiki.red-fans.com/index.php?title=%D7%9C%D7%A4%D7%A2%D7%9E%D7%99%D7%9D","https://www.youtube.com/watch?v=YYTeAYWGcE8"
"מגיל קטן אמרו לי תוותר על זה","קטגוריה:שירים מהיציע","https://wiki.red-fans.com/index.php?title=%D7%9E%D7%92%D7%99%D7%9C_%D7%A7%D7%98%D7%9F_%D7%90%D7%9E%D7%A8%D7%95_%D7%9C%D7%99_%D7%AA%D7%95%D7%95%D7%AA%D7%A8_%D7%A2%D7%9C_%D7%96%D7%94",""
"מה אני אני רק בן אדם","קטגוריה:שירים מהיציע","https://wiki.red-fans.com/index.php?title=%D7%9E%D7%94_%D7%90%D7%A0%D7%99_%D7%90%D7%A0%D7%99_%D7%A8%D7%A7_%D7%91%D7%9F_%D7%90%D7%93%D7%9D","https://www.youtube.com/watch?v=LhEVbDprJ8s"
"מהיום שבו אני נולדתי","קטגוריה:שירים מהיציע","https://wiki.red-fans.com/index.php?title=%D7%9E%D7%94%D7%99%D7%95%D7%9D_%D7%A9%D7%91%D7%95_%D7%90%D7%A0%D7%99_%D7%A0%D7%95%D7%9C%D7%93%D7%AA%D7%99","https://www.youtube.com/watch?v=owSWZpF2ezQ"
"מהיום שבו נולדתי (שיר הילדים)","קטגוריה:שירים מהיציע","https://wiki.red-fans.com/index.php?title=%D7%9E%D7%94%D7%99%D7%95%D7%9D_%D7%A9%D7%91%D7%95_%D7%A0%D7%95%D7%9C%D7%93%D7%AA%D7%99_%28%D7%A9%D7%99%D7%A8_%D7%94%D7%99%D7%9C%D7%93%D7%99%D7%9D%29","https://www.youtube.com/watch?v=lmaexcD8eak"
"מהיום שבו נולדתי (שיר הילדים)","קטגוריה:שירים מהיציע","https://wiki.red-fans.com/index.php?title=%D7%9E%D7%94%D7%99%D7%95%D7%9D_%D7%A9%D7%91%D7%95_%D7%A0%D7%95%D7%9C%D7%93%D7%AA%D7%99_%28%D7%A9%D7%99%D7%A8_%D7%94%D7%99%D7%9C%D7%93%D7%99%D7%9D%29","https://www.youtube.com/watch?v=pBV9jfXC8i4"
"מהיום שבו נולדתי (שיר הילדים)","קטגוריה:שירים מהיציע","https://wiki.red-fans.com/index.php?title=%D7%9E%D7%94%D7%99%D7%95%D7%9D_%D7%A9%D7%91%D7%95_%D7%A0%D7%95%D7%9C%D7%93%D7%AA%D7%99_%28%D7%A9%D7%99%D7%A8_%D7%94%D7%99%D7%9C%D7%93%D7%99%D7%9D%29","https://www.youtube.com/watch?v=RSMb4we1Ay4"
"מהרגע שהגעת רק אלייך רוצה לשוב","קטגוריה:שירים מהיציע","https://wiki.red-fans.com/index.php?title=%D7%9E%D7%94%D7%A8%D7%92%D7%A2_%D7%A9%D7%94%D7%92%D7%A2%D7%AA_%D7%A8%D7%A7_%D7%90%D7%9C%D7%99%D7%99%D7%9A_%D7%A8%D7%95%D7%A6%D7%94_%D7%9C%D7%A9%D7%95%D7%91","https://www.youtube.com/watch?v=QqlTIrptA5Q"
"מזמן, ידעתי שהפועל היא כל החיים","קטגוריה:שירים מהיציע","https://wiki.red-fans.com/index.php?title=%D7%9E%D7%96%D7%9E%D7%9F%2C_%D7%99%D7%93%D7%A2%D7%AA%D7%99_%D7%A9%D7%94%D7%A4%D7%95%D7%A2%D7%9C_%D7%94%D7%99%D7%90_%D7%9B%D7%9C_%D7%94%D7%97%D7%99%D7%99%D7%9D","https://www.youtube.com/watch?v=kJQP7kiw5Fk"
"מזמן, ידעתי שהפועל היא כל החיים","קטגוריה:שירים מהיציע","https://wiki.red-fans.com/index.php?title=%D7%9E%D7%96%D7%9E%D7%9F%2C_%D7%99%D7%93%D7%A2%D7%AA%D7%99_%D7%A9%D7%94%D7%A4%D7%95%D7%A2%D7%9C_%D7%94%D7%99%D7%90_%D7%9B%D7%9C_%D7%94%D7%97%D7%99%D7%99%D7%9D","https://www.youtube.com/watch?v=dkIpjpbo4B8"
"מזמן, ידעתי שהפועל היא כל החיים","קטגוריה:שירים מהיציע","https://wiki.red-fans.com/index.php?title=%D7%9E%D7%96%D7%9E%D7%9F%2C_%D7%99%D7%93%D7%A2%D7%AA%D7%99_%D7%A9%D7%94%D7%A4%D7%95%D7%A2%D7%9C_%D7%94%D7%99%D7%90_%D7%9B%D7%9C_%D7%94%D7%97%D7%99%D7%99%D7%9D","https://www.youtube.com/watch?v=7Ekl9VlgCXU"
"מחכה כבר שעות","קטגוריה:שירים מהיציע","https://wiki.red-fans.com/index.php?title=%D7%9E%D7%97%D7%9B%D7%94_%D7%9B%D7%91%D7%A8_%D7%A9%D7%A2%D7%95%D7%AA","https://www.youtube.com/watch?v=KjeK0Kg2Pa4"
"מחכה כבר שעות","קטגוריה:שירים מהיציע","https://wiki.red-fans.com/index.php?title=%D7%9E%D7%97%D7%9B%D7%94_%D7%9B%D7%91%D7%A8_%D7%A9%D7%A2%D7%95%D7%AA","https://www.youtube.com/watch?v=TMkL7TTxn3E"
"מחכה כבר שעות","קטגוריה:שירים מהיציע","https://wiki.red-fans.com/index.php?title=%D7%9E%D7%97%D7%9B%D7%94_%D7%9B%D7%91%D7%A8_%D7%A9%D7%A2%D7%95%D7%AA","https://www.youtube.com/watch?v=iYflVGn4JbI"
"מחכה כבר שעות","קטגוריה:שירים מהיציע","https://wiki.red-fans.com/index.php?title=%D7%9E%D7%97%D7%9B%D7%94_%D7%9B%D7%91%D7%A8_%D7%A9%D7%A2%D7%95%D7%AA","https://www.youtube.com/watch?v=h0bEmyq8jc0"
"מחכים כל השבוע לצבוע את היציעים","קטגוריה:שירים מהיציע","https://wiki.red-fans.com/index.php?title=%D7%9E%D7%97%D7%9B%D7%99%D7%9D_%D7%9B%D7%9C_%D7%94%D7%A9%D7%91%D7%95%D7%A2_%D7%9C%D7%A6%D7%91%D7%95%D7%A2_%D7%90%D7%AA_%D7%94%D7%99%D7%A6%D7%99%D7%A2%D7%99%D7%9D","https://www.youtube.com/watch?v=C4AqHJKorsE"
"מחכים כל השבוע לצבוע את היציעים","קטגוריה:שירים מהיציע","https://wiki.red-fans.com/index.php?title=%D7%9E%D7%97%D7%9B%D7%99%D7%9D_%D7%9B%D7%9C_%D7%94%D7%A9%D7%91%D7%95%D7%A2_%D7%9C%D7%A6%D7%91%D7%95%D7%A2_%D7%90%D7%AA_%D7%94%D7%99%D7%A6%D7%99%D7%A2%D7%99%D7%9D","https://www.youtube.com/watch?v=zk-z2GxNxQs"
"מחכים כל השבוע לצבוע את היציעים","קטגוריה:שירים מהיציע","https://wiki.red-fans.com/index.php?title=%D7%9E%D7%97%D7%9B%D7%99%D7%9D_%D7%9B%D7%9C_%D7%94%D7%A9%D7%91%D7%95%D7%A2_%D7%9C%D7%A6%D7%91%D7%95%D7%A2_%D7%90%D7%AA_%D7%94%D7%99%D7%A6%D7%99%D7%A2%D7%99%D7%9D","https://www.youtube.com/watch?v=oz8e0qHPtaQ"
"מחכים כל השבוע לצבוע את היציעים","קטגוריה:שירים מהיציע","https://wiki.red-fans.com/index.php?title=%D7%9E%D7%97%D7%9B%D7%99%D7%9D_%D7%9B%D7%9C_%D7%94%D7%A9%D7%91%D7%95%D7%A2_%D7%9C%D7%A6%D7%91%D7%95%D7%A2_%D7%90%D7%AA_%D7%94%D7%99%D7%A6%D7%99%D7%A2%D7%99%D7%9D","https://www.youtube.com/watch?v=tlPvM1Eq-HQ"
"מטריפה לי את המוח","קטגוריה:שירים מהיציע","https://wiki.red-fans.com/index.php?title=%D7%9E%D7%98%D7%A8%D7%99%D7%A4%D7%94_%D7%9C%D7%99_%D7%90%D7%AA_%D7%94%D7%9E%D7%95%D7%97","https://www.youtube.com/watch?v=i54fb_5J4cE"
"מטריפה לי את המוח","קטגוריה:שירים מהיציע","https://wiki.red-fans.com/index.php?title=%D7%9E%D7%98%D7%A8%D7%99%D7%A4%D7%94_%D7%9C%D7%99_%D7%90%D7%AA_%D7%94%D7%9E%D7%95%D7%97","https://www.youtube.com/watch?v=2Jpiq0M6K4M"
"מטריפה לי את המוח","קטגוריה:שירים מהיציע","https://wiki.red-fans.com/index.php?title=%D7%9E%D7%98%D7%A8%D7%99%D7%A4%D7%94_%D7%9C%D7%99_%D7%90%D7%AA_%D7%94%D7%9E%D7%95%D7%97","https://www.youtube.com/watch?v=TqsJiGFtdhI"
"מי המציא את המילה","קטגוריה:שירים מהיציע","https://wiki.red-fans.com/index.php?title=%D7%9E%D7%99_%D7%94%D7%9E%D7%A6%D7%99%D7%90_%D7%90%D7%AA_%D7%94%D7%9E%D7%99%D7%9C%D7%94","https://www.youtube.com/watch?v=hc7_fC4pnlY"
"מי המציא את המילה","קטגוריה:שירים מהיציע","https://wiki.red-fans.com/index.php?title=%D7%9E%D7%99_%D7%94%D7%9E%D7%A6%D7%99%D7%90_%D7%90%D7%AA_%D7%94%D7%9E%D7%99%D7%9C%D7%94","https://www.youtube.com/watch?v=ZO_jmzvPcDY"
"מי המציא את המילה","קטגוריה:שירים מהיציע","https://wiki.red-fans.com/index.php?title=%D7%9E%D7%99_%D7%94%D7%9E%D7%A6%D7%99%D7%90_%D7%90%D7%AA_%D7%94%D7%9E%D7%99%D7%9C%D7%94","https://www.youtube.com/watch?v=s24GLtMeXSI"
"מי המציא את המילה","קטגוריה:שירים מהיציע","https://wiki.red-fans.com/index.php?title=%D7%9E%D7%99_%D7%94%D7%9E%D7%A6%D7%99%D7%90_%D7%90%D7%AA_%D7%94%D7%9E%D7%99%D7%9C%D7%94","https://www.youtube.com/watch?v=YZFZMvkPSLI"
"מי המציא את המילה","קטגוריה:שירים מהיציע","https://wiki.red-fans.com/index.php?title=%D7%9E%D7%99_%D7%94%D7%9E%D7%A6%D7%99%D7%90_%D7%90%D7%AA_%D7%94%D7%9E%D7%99%D7%9C%D7%94","https://www.youtube.com/watch?v=X7jM16hZrjo"
"מיום הולדתי אני כולי שלך","קטגוריה:שירים מהיציע","https://wiki.red-fans.com/index.php?title=%D7%9E%D7%99%D7%95%D7%9D_%D7%94%D7%95%D7%9C%D7%93%D7%AA%D7%99_%D7%90%D7%A0%D7%99_%D7%9B%D7%95%D7%9C%D7%99_%D7%A9%D7%9C%D7%9A","https://www.youtube.com/watch?v=YUU9W55KFf8"
"מיום הולדתי אני כולי שלך","קטגוריה:שירים מהיציע","https://wiki.red-fans.com/index.php?title=%D7%9E%D7%99%D7%95%D7%9D_%D7%94%D7%95%D7%9C%D7%93%D7%AA%D7%99_%D7%90%D7%A0%D7%99_%D7%9B%D7%95%D7%9C%D7%99_%D7%A9%D7%9C%D7%9A","https://www.youtube.com/watch?v=uotXdmO44Vo"
"מיום הולדתי אני כולי שלך","קטגוריה:שירים מהיציע","https://wiki.red-fans.com/index.php?title=%D7%9E%D7%99%D7%95%D7%9D_%D7%94%D7%95%D7%9C%D7%93%D7%AA%D7%99_%D7%90%D7%A0%D7%99_%D7%9B%D7%95%D7%9C%D7%99_%D7%A9%D7%9C%D7%9A","https://www.youtube.com/watch?v=74oStzv6ybE"
"מיום הולדתי אני כולי שלך","קטגוריה:שירים מהיציע","https://wiki.red-fans.com/index.php?title=%D7%9E%D7%99%D7%95%D7%9D_%D7%94%D7%95%D7%9C%D7%93%D7%AA%D7%99_%D7%90%D7%A0%D7%99_%D7%9B%D7%95%D7%9C%D7%99_%D7%A9%D7%9C%D7%9A","https://www.youtube.com/watch?v=DjOGKhSn-xw"
"מיום הולדתי אני כולי שלך","קטגוריה:שירים מהיציע","https://wiki.red-fans.com/index.php?title=%D7%9E%D7%99%D7%95%D7%9D_%D7%94%D7%95%D7%9C%D7%93%D7%AA%D7%99_%D7%90%D7%A0%D7%99_%D7%9B%D7%95%D7%9C%D7%99_%D7%A9%D7%9C%D7%9A","https://www.youtube.com/watch?v=b0Cs6HM55oA"
"מיום שנולדתי רק דבר אחד","קטגוריה:שירים מהיציע","https://wiki.red-fans.com/index.php?title=%D7%9E%D7%99%D7%95%D7%9D_%D7%A9%D7%A0%D7%95%D7%9C%D7%93%D7%AA%D7%99_%D7%A8%D7%A7_%D7%93%D7%91%D7%A8_%D7%90%D7%97%D7%93","https://www.youtube.com/watch?v=LH-i8IvYIcg"
"מיום שנולדתי רק דבר אחד","קטגוריה:שירים מהיציע","https://wiki.red-fans.com/index.php?title=%D7%9E%D7%99%D7%95%D7%9D_%D7%A9%D7%A0%D7%95%D7%9C%D7%93%D7%AA%D7%99_%D7%A8%D7%A7_%D7%93%D7%91%D7%A8_%D7%90%D7%97%D7%93","https://www.youtube.com/watch?v=yR6A-Bk9eZQ"
"מיום שנולדתי רק דבר אחד","קטגוריה:שירים מהיציע","https://wiki.red-fans.com/index.php?title=%D7%9E%D7%99%D7%95%D7%9D_%D7%A9%D7%A0%D7%95%D7%9C%D7%93%D7%AA%D7%99_%D7%A8%D7%A7_%D7%93%D7%91%D7%A8_%D7%90%D7%97%D7%93","https://www.youtube.com/watch?v=no2Z2EhF3Lc"
"מיום שנולדתי רק דבר אחד","קטגוריה:שירים מהיציע","https://wiki.red-fans.com/index.php?title=%D7%9E%D7%99%D7%95%D7%9D_%D7%A9%D7%A0%D7%95%D7%9C%D7%93%D7%AA%D7%99_%D7%A8%D7%A7_%D7%93%D7%91%D7%A8_%D7%90%D7%97%D7%93","https://www.youtube.com/watch?v=c2zMTOLgSv4"
"מיום שנולדתי רק דבר אחד","קטגוריה:שירים מהיציע","https://wiki.red-fans.com/index.php?title=%D7%9E%D7%99%D7%95%D7%9D_%D7%A9%D7%A0%D7%95%D7%9C%D7%93%D7%AA%D7%99_%D7%A8%D7%A7_%D7%93%D7%91%D7%A8_%D7%90%D7%97%D7%93","https://www.youtube.com/watch?v=-9IZ8sqFM_8"
"מיום שנולדתי רק דבר אחד","קטגוריה:שירים מהיציע","https://wiki.red-fans.com/index.php?title=%D7%9E%D7%99%D7%95%D7%9D_%D7%A9%D7%A0%D7%95%D7%9C%D7%93%D7%AA%D7%99_%D7%A8%D7%A7_%D7%93%D7%91%D7%A8_%D7%90%D7%97%D7%93","https://www.youtube.com/watch?v=A48Z1tg76_A"
"מיום שנולדתי רק דבר אחד","קטגוריה:שירים מהיציע","https://wiki.red-fans.com/index.php?title=%D7%9E%D7%99%D7%95%D7%9D_%D7%A9%D7%A0%D7%95%D7%9C%D7%93%D7%AA%D7%99_%D7%A8%D7%A7_%D7%93%D7%91%D7%A8_%D7%90%D7%97%D7%93","https://www.youtube.com/watch?v=dItEl2hHbZU"
"מיום שנולדתי רק דבר אחד","קטגוריה:שירים מהיציע","https://wiki.red-fans.com/index.php?title=%D7%9E%D7%99%D7%95%D7%9D_%D7%A9%D7%A0%D7%95%D7%9C%D7%93%D7%AA%D7%99_%D7%A8%D7%A7_%D7%93%D7%91%D7%A8_%D7%90%D7%97%D7%93","https://www.youtube.com/watch?v=q_rzt1KmCvg"
"מכבי זה קקי","קטגוריה:שירים מהיציע","https://wiki.red-fans.com/index.php?title=%D7%9E%D7%9B%D7%91%D7%99_%D7%96%D7%94_%D7%A7%D7%A7%D7%99","https://www.youtube.com/watch?v=brv7X6x3Prg"
"מכבי זה קקי","קטגוריה:שירים מהיציע","https://wiki.red-fans.com/index.php?title=%D7%9E%D7%9B%D7%91%D7%99_%D7%96%D7%94_%D7%A7%D7%A7%D7%99","https://www.youtube.com/watch?v=TvJEt74Po84"
"מכבי שואה","קטגוריה:שירים מהיציע","https://wiki.red-fans.com/index.php?title=%D7%9E%D7%9B%D7%91%D7%99_%D7%A9%D7%95%D7%90%D7%94","https://www.youtube.com/watch?v=FqSSdSw2XSU"
"מספר 1 הוא גרמני","קטגוריה:שירים מהיציע","https://wiki.red-fans.com/index.php?title=%D7%9E%D7%A1%D7%A4%D7%A8_1_%D7%94%D7%95%D7%90_%D7%92%D7%A8%D7%9E%D7%A0%D7%99","https://www.youtube.com/watch?v=ZPVa8pQW4F4"
"מספר 1 הוא גרמני","קטגוריה:שירים מהיציע","https://wiki.red-fans.com/index.php?title=%D7%9E%D7%A1%D7%A4%D7%A8_1_%D7%94%D7%95%D7%90_%D7%92%D7%A8%D7%9E%D7%A0%D7%99","https://www.youtube.com/watch?v=VsrHG4iqfSA"
"מצצי (יא בת שרמוטה)","קטגוריה:שירים מהיציע","https://wiki.red-fans.com/index.php?title=%D7%9E%D7%A6%D7%A6%D7%99_%28%D7%99%D7%90_%D7%91%D7%AA_%D7%A9%D7%A8%D7%9E%D7%95%D7%98%D7%94%29","https://www.youtube.com/watch?v=TzW_N8YnTpw"
"נאהב אותך לנצח","קטגוריה:שירים מהיציע","https://wiki.red-fans.com/index.php?title=%D7%A0%D7%90%D7%94%D7%91_%D7%90%D7%95%D7%AA%D7%9A_%D7%9C%D7%A0%D7%A6%D7%97","https://www.youtube.com/watch?v=h8VGQTtENSs"
"נה נה נה אבי נימני בן זונה","קטגוריה:שירים מהיציע","https://wiki.red-fans.com/index.php?title=%D7%A0%D7%94_%D7%A0%D7%94_%D7%A0%D7%94_%D7%90%D7%91%D7%99_%D7%A0%D7%99%D7%9E%D7%A0%D7%99_%D7%91%D7%9F_%D7%96%D7%95%D7%A0%D7%94","https://www.youtube.com/watch?v=x9_iYKQb39o"
"נעימת השיכורים","קטגוריה:שירים מהיציע","https://wiki.red-fans.com/index.php?title=%D7%A0%D7%A2%D7%99%D7%9E%D7%AA_%D7%94%D7%A9%D7%99%D7%9B%D7%95%D7%A8%D7%99%D7%9D","https://www.youtube.com/watch?v=iAGJjnQ73JU"
"נעימת השיכורים","קטגוריה:שירים מהיציע","https://wiki.red-fans.com/index.php?title=%D7%A0%D7%A2%D7%99%D7%9E%D7%AA_%D7%94%D7%A9%D7%99%D7%9B%D7%95%D7%A8%D7%99%D7%9D","https://www.youtube.com/watch?v=AfOpQ3uz1TI"
"נרעיד את כל העיר","קטגוריה:שירים מהיציע","https://wiki.red-fans.com/index.php?title=%D7%A0%D7%A8%D7%A2%D7%99%D7%93_%D7%90%D7%AA_%D7%9B%D7%9C_%D7%94%D7%A2%D7%99%D7%A8","https://www.youtube.com/watch?v=Y4Zl3oraSWY"
"נרעיד את כל העיר","קטגוריה:שירים מהיציע","https://wiki.red-fans.com/index.php?title=%D7%A0%D7%A8%D7%A2%D7%99%D7%93_%D7%90%D7%AA_%D7%9B%D7%9C_%D7%94%D7%A2%D7%99%D7%A8","https://www.youtube.com/watch?v=TP8KDKH16Bc"
"נרעיד את כל העיר","קטגוריה:שירים מהיציע","https://wiki.red-fans.com/index.php?title=%D7%A0%D7%A8%D7%A2%D7%99%D7%93_%D7%90%D7%AA_%D7%9B%D7%9C_%D7%94%D7%A2%D7%99%D7%A8","https://www.youtube.com/watch?v=FIHGIaxUj_A"
"סדאם תיקח כבר את מכבי מכאן","קטגוריה:שירים מהיציע","https://wiki.red-fans.com/index.php?title=%D7%A1%D7%93%D7%90%D7%9D_%D7%AA%D7%99%D7%A7%D7%97_%D7%9B%D7%91%D7%A8_%D7%90%D7%AA_%D7%9E%D7%9B%D7%91%D7%99_%D7%9E%D7%9B%D7%90%D7%9F","https://www.youtube.com/watch?v=i4HViPVymlo"
"עד המוות הפועל","קטגוריה:שירים מהיציע","https://wiki.red-fans.com/index.php?title=%D7%A2%D7%93_%D7%94%D7%9E%D7%95%D7%95%D7%AA_%D7%94%D7%A4%D7%95%D7%A2%D7%9C","https://www.youtube.com/watch?v=g9d0E0tJSeU"
"עד המוות הפועל","קטגוריה:שירים מהיציע","https://wiki.red-fans.com/index.php?title=%D7%A2%D7%93_%D7%94%D7%9E%D7%95%D7%95%D7%AA_%D7%94%D7%A4%D7%95%D7%A2%D7%9C","https://www.youtube.com/watch?v=yAIuSlyaARI"
"עדים לנו כוכבי מרום","קטגוריה:שירים מהיציע","https://wiki.red-fans.com/index.php?title=%D7%A2%D7%93%D7%99%D7%9D_%D7%9C%D7%A0%D7%95_%D7%9B%D7%95%D7%9B%D7%91%D7%99_%D7%9E%D7%A8%D7%95%D7%9D","https://www.youtube.com/watch?v=dBu68L_Tj2o"
"עדים לנו כוכבי מרום","קטגוריה:שירים מהיציע","https://wiki.red-fans.com/index.php?title=%D7%A2%D7%93%D7%99%D7%9D_%D7%9C%D7%A0%D7%95_%D7%9B%D7%95%D7%9B%D7%91%D7%99_%D7%9E%D7%A8%D7%95%D7%9D","https://www.youtube.com/watch?v=KSoOcvB3p3o"
"עדים לנו כוכבי מרום","קטגוריה:שירים מהיציע","https://wiki.red-fans.com/index.php?title=%D7%A2%D7%93%D7%99%D7%9D_%D7%9C%D7%A0%D7%95_%D7%9B%D7%95%D7%9B%D7%91%D7%99_%D7%9E%D7%A8%D7%95%D7%9D","https://www.youtube.com/watch?v=E6qOekXJHiE"
"עדים לנו כוכבי מרום","קטגוריה:שירים מהיציע","https://wiki.red-fans.com/index.php?title=%D7%A2%D7%93%D7%99%D7%9D_%D7%9C%D7%A0%D7%95_%D7%9B%D7%95%D7%9B%D7%91%D7%99_%D7%9E%D7%A8%D7%95%D7%9D","https://www.youtube.com/watch?v=2OZi1h9SqiI"
"עדר של עיתונאים","קטגוריה:שירים מהיציע","https://wiki.red-fans.com/index.php?title=%D7%A2%D7%93%D7%A8_%D7%A9%D7%9C_%D7%A2%D7%99%D7%AA%D7%95%D7%A0%D7%90%D7%99%D7%9D","https://www.youtube.com/watch?v=xhUs22VcJX8"
"עכשיו לקפוץ כמו חולים","קטגוריה:שירים מהיציע","https://wiki.red-fans.com/index.php?title=%D7%A2%D7%9B%D7%A9%D7%99%D7%95_%D7%9C%D7%A7%D7%A4%D7%95%D7%A5_%D7%9B%D7%9E%D7%95_%D7%97%D7%95%D7%9C%D7%99%D7%9D","https://www.youtube.com/watch?v=wdkCdYZT5Gg"
"פאק מכבי","קטגוריה:שירים מהיציע","https://wiki.red-fans.com/index.php?title=%D7%A4%D7%90%D7%A7_%D7%9E%D7%9B%D7%91%D7%99","https://www.youtube.com/watch?v=viyJGKmbbdE"
"פאק מכבי","קטגוריה:שירים מהיציע","https://wiki.red-fans.com/index.php?title=%D7%A4%D7%90%D7%A7_%D7%9E%D7%9B%D7%91%D7%99","https://www.youtube.com/watch?v=EKH-3_k9U_E"
"פאק מכבי","קטגוריה:שירים מהיציע","https://wiki.red-fans.com/index.php?title=%D7%A4%D7%90%D7%A7_%D7%9E%D7%9B%D7%91%D7%99","https://www.youtube.com/watch?v=pAcXMYAHgJw"
"צועניה נפלאה","קטגוריה:שירים מהיציע","https://wiki.red-fans.com/index.php?title=%D7%A6%D7%95%D7%A2%D7%A0%D7%99%D7%94_%D7%A0%D7%A4%D7%9C%D7%90%D7%94","https://www.youtube.com/watch?v=pz6TeRhHIUo"
"צועניה נפלאה","קטגוריה:שירים מהיציע","https://wiki.red-fans.com/index.php?title=%D7%A6%D7%95%D7%A2%D7%A0%D7%99%D7%94_%D7%A0%D7%A4%D7%9C%D7%90%D7%94","https://www.youtube.com/watch?v=ao-BOWItGSA"
"צועניה נפלאה","קטגוריה:שירים מהיציע","https://wiki.red-fans.com/index.php?title=%D7%A6%D7%95%D7%A2%D7%A0%D7%99%D7%94_%D7%A0%D7%A4%D7%9C%D7%90%D7%94","https://www.youtube.com/watch?v=phNVayY21Rc"
"קוקאין ואלכוהול","קטגוריה:שירים מהיציע","https://wiki.red-fans.com/index.php?title=%D7%A7%D7%95%D7%A7%D7%90%D7%99%D7%9F_%D7%95%D7%90%D7%9C%D7%9B%D7%95%D7%94%D7%95%D7%9C","https://www.youtube.com/watch?v=2hUe1rUEBhk"
"קוקאין ואלכוהול","קטגוריה:שירים מהיציע","https://wiki.red-fans.com/index.php?title=%D7%A7%D7%95%D7%A7%D7%90%D7%99%D7%9F_%D7%95%D7%90%D7%9C%D7%9B%D7%95%D7%94%D7%95%D7%9C","https://www.youtube.com/watch?v=X0WNIqQVJV8"
"קוקאין ואלכוהול","קטגוריה:שירים מהיציע","https://wiki.red-fans.com/index.php?title=%D7%A7%D7%95%D7%A7%D7%90%D7%99%D7%9F_%D7%95%D7%90%D7%9C%D7%9B%D7%95%D7%94%D7%95%D7%9C","https://www.youtube.com/watch?v=ciV0OCL6H3I"
"קוקאין ואלכוהול","קטגוריה:שירים מהיציע","https://wiki.red-fans.com/index.php?title=%D7%A7%D7%95%D7%A7%D7%90%D7%99%D7%9F_%D7%95%D7%90%D7%9C%D7%9B%D7%95%D7%94%D7%95%D7%9C","https://www.youtube.com/watch?v=XkwXfhPc9bg"
"קוקאין ואלכוהול","קטגוריה:שירים מהיציע","https://wiki.red-fans.com/index.php?title=%D7%A7%D7%95%D7%A7%D7%90%D7%99%D7%9F_%D7%95%D7%90%D7%9C%D7%9B%D7%95%D7%94%D7%95%D7%9C","https://www.youtube.com/watch?v=TfZh_CBhp9k"
"קם וחושב רק עלייך","קטגוריה:שירים מהיציע","https://wiki.red-fans.com/index.php?title=%D7%A7%D7%9D_%D7%95%D7%97%D7%95%D7%A9%D7%91_%D7%A8%D7%A7_%D7%A2%D7%9C%D7%99%D7%99%D7%9A","https://www.youtube.com/watch?v=OoT-RHgBrp8"
"קם וחושב רק עלייך","קטגוריה:שירים מהיציע","https://wiki.red-fans.com/index.php?title=%D7%A7%D7%9D_%D7%95%D7%97%D7%95%D7%A9%D7%91_%D7%A8%D7%A7_%D7%A2%D7%9C%D7%99%D7%99%D7%9A","https://www.youtube.com/watch?v=rdQ9Xbgk7SA"
"רק אותך תמיד אוהב","קטגוריה:שירים מהיציע","https://wiki.red-fans.com/index.php?title=%D7%A8%D7%A7_%D7%90%D7%95%D7%AA%D7%9A_%D7%AA%D7%9E%D7%99%D7%93_%D7%90%D7%95%D7%94%D7%91","https://www.youtube.com/watch?v=6LNTq8Xi7eQ"
"רק אותך תמיד אוהב","קטגוריה:שירים מהיציע","https://wiki.red-fans.com/index.php?title=%D7%A8%D7%A7_%D7%90%D7%95%D7%AA%D7%9A_%D7%AA%D7%9E%D7%99%D7%93_%D7%90%D7%95%D7%94%D7%91","https://www.youtube.com/watch?v=TF5YaWKnP6s"
"רק בשבילך הפועל כתבתי שיר","קטגוריה:שירים מהיציע","https://wiki.red-fans.com/index.php?title=%D7%A8%D7%A7_%D7%91%D7%A9%D7%91%D7%99%D7%9C%D7%9A_%D7%94%D7%A4%D7%95%D7%A2%D7%9C_%D7%9B%D7%AA%D7%91%D7%AA%D7%99_%D7%A9%D7%99%D7%A8","https://www.youtube.com/watch?v=aeca0QOOsUQ"
"רק בשבילך הפועל כתבתי שיר","קטגוריה:שירים מהיציע","https://wiki.red-fans.com/index.php?title=%D7%A8%D7%A7_%D7%91%D7%A9%D7%91%D7%99%D7%9C%D7%9A_%D7%94%D7%A4%D7%95%D7%A2%D7%9C_%D7%9B%D7%AA%D7%91%D7%AA%D7%99_%D7%A9%D7%99%D7%A8","https://www.youtube.com/watch?v=KIVzR814iM0"
"רק בשבילך הפועל כתבתי שיר","קטגוריה:שירים מהיציע","https://wiki.red-fans.com/index.php?title=%D7%A8%D7%A7_%D7%91%D7%A9%D7%91%D7%99%D7%9C%D7%9A_%D7%94%D7%A4%D7%95%D7%A2%D7%9C_%D7%9B%D7%AA%D7%91%D7%AA%D7%99_%D7%A9%D7%99%D7%A8","https://www.youtube.com/watch?v=DYI9CM9IEEA"
"רק בשבילך הפועל כתבתי שיר","קטגוריה:שירים מהיציע","https://wiki.red-fans.com/index.php?title=%D7%A8%D7%A7_%D7%91%D7%A9%D7%91%D7%99%D7%9C%D7%9A_%D7%94%D7%A4%D7%95%D7%A2%D7%9C_%D7%9B%D7%AA%D7%91%D7%AA%D7%99_%D7%A9%D7%99%D7%A8","https://www.youtube.com/watch?v=oiFtwalmOuA"
"רק בשבילך הפועל כתבתי שיר","קטגוריה:שירים מהיציע","https://wiki.red-fans.com/index.php?title=%D7%A8%D7%A7_%D7%91%D7%A9%D7%91%D7%99%D7%9C%D7%9A_%D7%94%D7%A4%D7%95%D7%A2%D7%9C_%D7%9B%D7%AA%D7%91%D7%AA%D7%99_%D7%A9%D7%99%D7%A8","https://www.youtube.com/watch?v=-9f24o5V60k"
"רק בשבילך הפועל כתבתי שיר","קטגוריה:שירים מהיציע","https://wiki.red-fans.com/index.php?title=%D7%A8%D7%A7_%D7%91%D7%A9%D7%91%D7%99%D7%9C%D7%9A_%D7%94%D7%A4%D7%95%D7%A2%D7%9C_%D7%9B%D7%AA%D7%91%D7%AA%D7%99_%D7%A9%D7%99%D7%A8","https://www.youtube.com/watch?v=OV3owp-50XM"
"רק הפועל","קטגוריה:שירים מהיציע","https://wiki.red-fans.com/index.php?title=%D7%A8%D7%A7_%D7%94%D7%A4%D7%95%D7%A2%D7%9C","https://www.youtube.com/watch?v=2Y8VZfgL0UM"
"רק הפועל","קטגוריה:שירים מהיציע","https://wiki.red-fans.com/index.php?title=%D7%A8%D7%A7_%D7%94%D7%A4%D7%95%D7%A2%D7%9C","https://www.youtube.com/watch?v=NOh4KdVd0uM"
"רק למענך נולדנו","קטגוריה:שירים מהיציע","https://wiki.red-fans.com/index.php?title=%D7%A8%D7%A7_%D7%9C%D7%9E%D7%A2%D7%A0%D7%9A_%D7%A0%D7%95%D7%9C%D7%93%D7%A0%D7%95","https://www.youtube.com/watch?v=qN3Y3Z5-3sw"
"שאול תעזוב את הקבוצה","קטגוריה:שירים מהיציע","https://wiki.red-fans.com/index.php?title=%D7%A9%D7%90%D7%95%D7%9C_%D7%AA%D7%A2%D7%96%D7%95%D7%91_%D7%90%D7%AA_%D7%94%D7%A7%D7%91%D7%95%D7%A6%D7%94",""
"שואה למשטרה","קטגוריה:שירים מהיציע","https://wiki.red-fans.com/index.php?title=%D7%A9%D7%95%D7%90%D7%94_%D7%9C%D7%9E%D7%A9%D7%98%D7%A8%D7%94","https://www.youtube.com/watch?v=eC9FZg1aNhU"
"שואה למשטרה","קטגוריה:שירים מהיציע","https://wiki.red-fans.com/index.php?title=%D7%A9%D7%95%D7%90%D7%94_%D7%9C%D7%9E%D7%A9%D7%98%D7%A8%D7%94","https://www.youtube.com/watch?v=UwJ-dmrUSO0"
"שוב בעקבותייך","קטגוריה:שירים מהיציע","https://wiki.red-fans.com/index.php?title=%D7%A9%D7%95%D7%91_%D7%91%D7%A2%D7%A7%D7%91%D7%95%D7%AA%D7%99%D7%99%D7%9A","https://www.youtube.com/watch?v=S0IwlU8vWmU"
"שונא יותר מכל דבר","קטגוריה:שירים מהיציע","https://wiki.red-fans.com/index.php?title=%D7%A9%D7%95%D7%A0%D7%90_%D7%99%D7%95%D7%AA%D7%A8_%D7%9E%D7%9B%D7%9C_%D7%93%D7%91%D7%A8","https://www.youtube.com/watch?v=Sh0EiPNQ8RE"
"שימו את ירושלים בירדן","קטגוריה:שירים מהיציע","https://wiki.red-fans.com/index.php?title=%D7%A9%D7%99%D7%9E%D7%95_%D7%90%D7%AA_%D7%99%D7%A8%D7%95%D7%A9%D7%9C%D7%99%D7%9D_%D7%91%D7%99%D7%A8%D7%93%D7%9F","https://www.youtube.com/watch?v=6gDBhMTTuLY"
"שימו את ירושלים בירדן","קטגוריה:שירים מהיציע","https://wiki.red-fans.com/index.php?title=%D7%A9%D7%99%D7%9E%D7%95_%D7%90%D7%AA_%D7%99%D7%A8%D7%95%D7%A9%D7%9C%D7%99%D7%9D_%D7%91%D7%99%D7%A8%D7%93%D7%9F","https://www.youtube.com/watch?v=RPGScNvXh2Y"
"שימו את ירושלים בירדן","קטגוריה:שירים מהיציע","https://wiki.red-fans.com/index.php?title=%D7%A9%D7%99%D7%9E%D7%95_%D7%90%D7%AA_%D7%99%D7%A8%D7%95%D7%A9%D7%9C%D7%99%D7%9D_%D7%91%D7%99%D7%A8%D7%93%D7%9F","https://www.youtube.com/watch?v=Nbir0zbyWFY"
"שיר העמותה","קטגוריה:שירים מהיציע","https://wiki.red-fans.com/index.php?title=%D7%A9%D7%99%D7%A8_%D7%94%D7%A2%D7%9E%D7%95%D7%AA%D7%94","https://www.youtube.com/watch?v=nda1doV0mHc"
"שיר העמותה","קטגוריה:שירים מהיציע","https://wiki.red-fans.com/index.php?title=%D7%A9%D7%99%D7%A8_%D7%94%D7%A2%D7%9E%D7%95%D7%AA%D7%94","https://www.youtube.com/watch?v=tz9cPFboUs0"
"שיר העמותה","קטגוריה:שירים מהיציע","https://wiki.red-fans.com/index.php?title=%D7%A9%D7%99%D7%A8_%D7%94%D7%A2%D7%9E%D7%95%D7%AA%D7%94","https://www.youtube.com/watch?v=yD63wCaMQYI"
"שירי שואה","קטגוריה:שירים מהיציע","https://wiki.red-fans.com/index.php?title=%D7%A9%D7%99%D7%A8%D7%99_%D7%A9%D7%95%D7%90%D7%94","https://www.youtube.com/watch?v=3Lc3etBMHAg"
"שלום עליכם","קטגוריה:שירים מהיציע","https://wiki.red-fans.com/index.php?title=%D7%A9%D7%9C%D7%95%D7%9D_%D7%A2%D7%9C%D7%99%D7%9B%D7%9D","https://www.youtube.com/watch?v=EKlLpiBuxIA"
"שלום עליכם","קטגוריה:שירים מהיציע","https://wiki.red-fans.com/index.php?title=%D7%A9%D7%9C%D7%95%D7%9D_%D7%A2%D7%9C%D7%99%D7%9B%D7%9D","https://www.youtube.com/watch?v=_AmxblEm4U8"
"שלום עליכם","קטגוריה:שירים מהיציע","https://wiki.red-fans.com/index.php?title=%D7%A9%D7%9C%D7%95%D7%9D_%D7%A2%D7%9C%D7%99%D7%9B%D7%9D","https://www.youtube.com/watch?v=6a1fmvyJE8c"
"שמעון גרשון מת","קטגוריה:שירים מהיציע","https://wiki.red-fans.com/index.php?title=%D7%A9%D7%9E%D7%A2%D7%95%D7%9F_%D7%92%D7%A8%D7%A9%D7%95%D7%9F_%D7%9E%D7%AA","https://www.youtube.com/watch?v=Ch11KM5ygLo"
"שמעון מזרחי מאפיה","קטגוריה:שירים מהיציע","https://wiki.red-fans.com/index.php?title=%D7%A9%D7%9E%D7%A2%D7%95%D7%9F_%D7%9E%D7%96%D7%A8%D7%97%D7%99_%D7%9E%D7%90%D7%A4%D7%99%D7%94","https://www.youtube.com/watch?v=SGak50EhVlQ"
"שמעון מזרחי מאפיה","קטגוריה:שירים מהיציע","https://wiki.red-fans.com/index.php?title=%D7%A9%D7%9E%D7%A2%D7%95%D7%9F_%D7%9E%D7%96%D7%A8%D7%97%D7%99_%D7%9E%D7%90%D7%A4%D7%99%D7%94","https://www.youtube.com/watch?v=y2_MeVhfQvM"
"שמעון מזרחי מאפיה","קטגוריה:שירים מהיציע","https://wiki.red-fans.com/index.php?title=%D7%A9%D7%9E%D7%A2%D7%95%D7%9F_%D7%9E%D7%96%D7%A8%D7%97%D7%99_%D7%9E%D7%90%D7%A4%D7%99%D7%94","https://www.youtube.com/watch?v=pETzFppR4vc"
"שמעון מזרחי תתאבד כבר","קטגוריה:שירים מהיציע","https://wiki.red-fans.com/index.php?title=%D7%A9%D7%9E%D7%A2%D7%95%D7%9F_%D7%9E%D7%96%D7%A8%D7%97%D7%99_%D7%AA%D7%AA%D7%90%D7%91%D7%93_%D7%9B%D7%91%D7%A8","https://www.youtube.com/watch?v=DonEXdMvwYg"
"שמעון מזרחי תתאבד כבר","קטגוריה:שירים מהיציע","https://wiki.red-fans.com/index.php?title=%D7%A9%D7%9E%D7%A2%D7%95%D7%9F_%D7%9E%D7%96%D7%A8%D7%97%D7%99_%D7%AA%D7%AA%D7%90%D7%91%D7%93_%D7%9B%D7%91%D7%A8","https://www.youtube.com/watch?v=_aCRNewtqxA"
"שער חמש להתעורר","קטגוריה:שירים מהיציע","https://wiki.red-fans.com/index.php?title=%D7%A9%D7%A2%D7%A8_%D7%97%D7%9E%D7%A9_%D7%9C%D7%94%D7%AA%D7%A2%D7%95%D7%A8%D7%A8","https://www.youtube.com/watch?v=zvq8KD3yp7w"
"שער חמש להתעורר","קטגוריה:שירים מהיציע","https://wiki.red-fans.com/index.php?title=%D7%A9%D7%A2%D7%A8_%D7%97%D7%9E%D7%A9_%D7%9C%D7%94%D7%AA%D7%A2%D7%95%D7%A8%D7%A8","https://www.youtube.com/watch?v=rb-c_LDxlks"
"שער חמש להתעורר","קטגוריה:שירים מהיציע","https://wiki.red-fans.com/index.php?title=%D7%A9%D7%A2%D7%A8_%D7%97%D7%9E%D7%A9_%D7%9C%D7%94%D7%AA%D7%A2%D7%95%D7%A8%D7%A8","https://www.youtube.com/watch?v=93FOGAZe8o8"
"שער חמש להתעורר","קטגוריה:שירים מהיציע","https://wiki.red-fans.com/index.php?title=%D7%A9%D7%A2%D7%A8_%D7%97%D7%9E%D7%A9_%D7%9C%D7%94%D7%AA%D7%A2%D7%95%D7%A8%D7%A8","https://www.youtube.com/watch?v=kZpSnbvBZT4"
"שער חמש תמיד הוא קרנבל","קטגוריה:שירים מהיציע","https://wiki.red-fans.com/index.php?title=%D7%A9%D7%A2%D7%A8_%D7%97%D7%9E%D7%A9_%D7%AA%D7%9E%D7%99%D7%93_%D7%94%D7%95%D7%90_%D7%A7%D7%A8%D7%A0%D7%91%D7%9C","https://www.youtube.com/watch?v=2WVi77UJP7Q"
"תמיד אנחנו איתך","קטגוריה:שירים מהיציע","https://wiki.red-fans.com/index.php?title=%D7%AA%D7%9E%D7%99%D7%93_%D7%90%D7%A0%D7%97%D7%A0%D7%95_%D7%90%D7%99%D7%AA%D7%9A","https://www.youtube.com/watch?v=Sw33sBU3Ppg"
"תראו הפועל הנה מה שסיכמנו","קטגוריה:שירים מהיציע","https://wiki.red-fans.com/index.php?title=%D7%AA%D7%A8%D7%90%D7%95_%D7%94%D7%A4%D7%95%D7%A2%D7%9C_%D7%94%D7%A0%D7%94_%D7%9E%D7%94_%D7%A9%D7%A1%D7%99%D7%9B%D7%9E%D7%A0%D7%95","https://www.youtube.com/watch?v=fPDJhzjSly4"
"תראו הפועל הנה מה שסיכמנו","קטגוריה:שירים מהיציע","https://wiki.red-fans.com/index.php?title=%D7%AA%D7%A8%D7%90%D7%95_%D7%94%D7%A4%D7%95%D7%A2%D7%9C_%D7%94%D7%A0%D7%94_%D7%9E%D7%94_%D7%A9%D7%A1%D7%99%D7%9B%D7%9E%D7%A0%D7%95","https://www.youtube.com/watch?v=hywHU5dPdVg"
"תראו הפועל הנה מה שסיכמנו","קטגוריה:שירים מהיציע","https://wiki.red-fans.com/index.php?title=%D7%AA%D7%A8%D7%90%D7%95_%D7%94%D7%A4%D7%95%D7%A2%D7%9C_%D7%94%D7%A0%D7%94_%D7%9E%D7%94_%D7%A9%D7%A1%D7%99%D7%9B%D7%9E%D7%A0%D7%95","https://www.youtube.com/watch?v=W9JsiXD_cXY"
"תראו הפועל הנה מה שסיכמנו","קטגוריה:שירים מהיציע","https://wiki.red-fans.com/index.php?title=%D7%AA%D7%A8%D7%90%D7%95_%D7%94%D7%A4%D7%95%D7%A2%D7%9C_%D7%94%D7%A0%D7%94_%D7%9E%D7%94_%D7%A9%D7%A1%D7%99%D7%9B%D7%9E%D7%A0%D7%95","https://www.youtube.com/watch?v=1Mznnz-HvfE"
"תראו הפועל הנה מה שסיכמנו","קטגוריה:שירים מהיציע","https://wiki.red-fans.com/index.php?title=%D7%AA%D7%A8%D7%90%D7%95_%D7%94%D7%A4%D7%95%D7%A2%D7%9C_%D7%94%D7%A0%D7%94_%D7%9E%D7%94_%D7%A9%D7%A1%D7%99%D7%9B%D7%9E%D7%A0%D7%95","https://www.youtube.com/watch?v=Ldpk0vJCuTA"
"תראו הפועל הנה מה שסיכמנו","קטגוריה:שירים מהיציע","https://wiki.red-fans.com/index.php?title=%D7%AA%D7%A8%D7%90%D7%95_%D7%94%D7%A4%D7%95%D7%A2%D7%9C_%D7%94%D7%A0%D7%94_%D7%9E%D7%94_%D7%A9%D7%A1%D7%99%D7%9B%D7%9E%D7%A0%D7%95","https://www.youtube.com/watch?v=3Brb87Au418"
"תראי את היציע צבוע אדום","קטגוריה:שירים מהיציע","https://wiki.red-fans.com/index.php?title=%D7%AA%D7%A8%D7%90%D7%99_%D7%90%D7%AA_%D7%94%D7%99%D7%A6%D7%99%D7%A2_%D7%A6%D7%91%D7%95%D7%A2_%D7%90%D7%93%D7%95%D7%9D","https://www.youtube.com/watch?v=IpNdoz6QGmk"
"תראי את היציע צבוע אדום","קטגוריה:שירים מהיציע","https://wiki.red-fans.com/index.php?title=%D7%AA%D7%A8%D7%90%D7%99_%D7%90%D7%AA_%D7%94%D7%99%D7%A6%D7%99%D7%A2_%D7%A6%D7%91%D7%95%D7%A2_%D7%90%D7%93%D7%95%D7%9D","https://www.youtube.com/watch?v=rTboEV4psik"
